:1000000000800020BD010000390F0000F50E000047
:10001000F50E0000F50E0000F50E0000F50E0000D4
:10002000F50E0000F50E0000F50E0000390F00007F
:10003000390F0000F50E000071220000752200004B
:10004000390F0000390F0000390F0000390F000090
:10005000390F0000390F0000390F0000390F000080
:10006000390F0000390F0000390F0000390F000070
:10007000390F0000390F0000390F0000390F000060
:10008000390F0000390F0000390F0000390F000050
:10009000390F0000390F0000390F0000390F000040
:1000A000390F0000390F0000390F0000390F000030
:1000B000390F0000390F0000390F0000390F000020
:1000C000390F0000390F0000390F0000390F000010
:1000D000390F0000390F0000390F0000390F000000
:1000E000390F0000390F0000390F0000390F0000F0
:1000F000390F0000390F0000390F0000390F0000E0
:10010000390F0000390F0000390F0000390F0000CF
:10011000390F0000390F0000390F0000390F0000BF
:10012000390F0000390F0000390F0000390F0000AF
:10013000390F0000390F0000390F0000390F00009F
:10014000390F0000390F0000390F0000390F00008F
:10015000390F0000390F0000390F0000390F00007F
:10016000390F0000A1150000390F0000390F000001
:10017000390F0000390F0000390F0000390F00005F
:10018000390F0000390F0000390F0000390F00004F
:10019000390F0000390F0000390F0000390F00003F
:1001A000390F0000390F0000390F0000390F00002F
:1001B000390F0000390F0000390F0000574B4CF287
:1001C000205210B5DA814DF62812DA8100BF00BF47
:1001D00000F0B6FE524B4FF010621A63514A9A6318
:1001E000514ADA63514A136913F4807303D153619E
:1001F0004FF4A85313614E4B9A78110703D59A78A0
:1002000042F008029A704B4B4B482A221A704B4B13
:10021000DA1C121AC11E22F00302994288BF002282
:10022000474900F093FD474B4748DA1C121AC11E9C
:1002300022F00302994288BF0022002103F038FD1A
:10024000424943484FF4DE7200F080FD414B424A80
:10025000802103F8011B9342FBD14FF0E0233C4A7D
:10026000C3F8082D3D4B8A221A70A3F5805324222F
:100270005A70A0221A709A799207FCD59A79D406FE
:10028000FCD4374B9A7902F00C02082AFAD10522E5
:100290001A7143225A719A799006FCD5304A9379A3
:1002A0005906FCD51E4B4FF08171596405219964A4
:1002B00020211170917901F00C010C29FAD1294A01
:1002C0005A604FF0E023284A5A6100229A610722BF
:1002D0001A61264AC3F8202D62B600F0C9FE134BFE
:1002E0005B69DA0705D5224800F0B6FE214B224AA9
:1002F000DA61224B1B785B0609D51E4C1E4BE26966
:100300009A4204D11A4800F0A7FE0023E36100F0EE
:100310001DFE03F0C7FE00F011FDFEE700200540C2
:1003200000800440823F04000100002B00D0034005
:1003300000D0074000E007402087FF1F908FFF1F7D
:1003400070A500003494FF1F908FFF1F0000000075
:100350000082FF1F00E400E05FE400E00050064080
:1003600000400640C01005003F1901000000202099
:100370001AA6E66700E00340A5C3945A00F00740C0
:10038000FFFFFFFFFFFFFFFFFFFFFFFFFFFFFFFF7D
:10039000FFFFFFFFFFFFFFFFFFFFFFFFFFFFFFFF6D
:1003A000FFFFFFFFFFFFFFFFFFFFFFFFFFFFFFFF5D
:1003B000FFFFFFFFFFFFFFFFFFFFFFFFFFFFFFFF4D
:1003C000FFFFFFFFFFFFFFFFFFFFFFFFFFFFFFFF3D
:1003D000FFFFFFFFFFFFFFFFFFFFFFFFFFFFFFFF2D
:1003E000FFFFFFFFFFFFFFFFFFFFFFFFFFFFFFFF1D
:1003F000FFFFFFFFFFFFFFFFFFFFFFFFFFFFFFFF0D
:10040000FFFFFFFFFFFFFFFFFFFFFFFFDEF9FFFF23
:100410000548064B1B1AD90F01EBA301491002D066
:10042000034B03B118477047908FFF1F908FFF1F3A
:100430000000000008B5054B1BB105490548AFF3A6
:100440000080BDE80840FFF7E3BF00BF00000000E8
:10045000908FFF1F68A5000010B5134C1348212191
:1004600001F066FD204600F0F1FA1F21104801F06E
:100470005FFD204600F0EAFA20210E4801F058FD09
:10048000204600F0E3FA14210B4801F051FD20460C
:1004900000F0DCFA0948212101F04AFD2046BDE8C0
:1004A000104000F0D3BA00BF2488FF1FD49B000087
:1004B000F89B0000189C00003C9C0000549C00002D
:1004C00010B52F4C2F481E2101F032FD204600F0C0
:1004D000BDFA13212C4801F02BFD204600F0B6FA9E
:1004E0002C212A4801F024FD204600F0AFFA2E21ED
:1004F000274801F01DFD204600F0A8FA19212548E3
:1005000001F016FD204600F0A1FA1921224801F061
:100510000FFD204600F09AFA1D21204801F008FD49
:10052000204600F093FA21211D4801F001FD2046EC
:1005300000F08CFA1C211B4801F0FAFC204600F068
:1005400085FA3821184801F0F3FC204600F07EFAC5
:100550004721164801F0ECFC204600F077FA2E21E6
:10056000134801F0E5FC204600F070FA11481D2107
:1005700001F0DEFC2046BDE8104000F067BA00BF85
:100580002488FF1F789C0000989C0000AC9C000011
:10059000DC9C00000C9D0000289D0000449D000094
:1005A000649D0000889D0000A89D0000E49D00005F
:1005B0002C9E0000589C00002DE9F0432B4D2C4848
:1005C0002B682C4EDFF8B0802C4F83B01F21012404
:1005D0009C4001F0ADFC294800F038FA284A29492E
:1005E000264800F04BFA284A2849244800F046FAE9
:1005F0002A6827492148274D00F040FA264B274911
:100600001A681E48013C00F039FA224624491B486A
:10061000244C00F033FA1D21234801F089FC1748CF
:1006200000F014FA1C21214801F082FC134800F06C
:100630000DFA04F130096420032203E056F8042F78
:1006400055F8040F54F8043B00904146384600F03A
:1006500015FA4C45F2D11D21154801F069FC0748F7
:1006600003B0BDE8F04300F0F1B900BF1888FF1FE8
:100670005C9E0000909F0000189F00002488FF1FD0
:1006800000A24A047C9E000000512502909E0000BA
:10069000A49E0000609F00001488FF1FB89E000009
:1006A000D89E0000BC8FFF1FF89E0000889D0000B0
:1006B000589C0000F8B50E4B0E481B680E4F0F4DAE
:1006C000D840386005F12C06032402E055F8044FA9
:1006D000386802F0ADF9E4B20146204600F03AFE77
:1006E0000021204600F016FDB542EFD1F8BD00BF55
:1006F0001888FF1F005125021488FF1F909F0000DB
:10070000A0F10802082A00D97047F8B50C4A0D4C30
:1007100010600D4D00F010FE04F13007032000269C
:1007200001E055F8040F44F8046BC0B2002100F05A
:10073000F1FCBC42F5D1BDE8F840FFF7BBBF00BFFC
:100740001888FF1FBC8FFF1F909F00002DE9F0430A
:1007500085B072490446684600F0F8F969462046BB
:1007600000F06AFA0546684600F0B4F9C5B32C21DA
:10077000204600F075FA051E02DC05B0BDE8F083E6
:100780002B4621460122684600F0A6FA684600F092
:10079000CFFA0646684600F09DF921466A1C684675
:1007A00000F06EFA684600F0C3FA0446684600F0AE
:1007B00091F95B4B0B2E1B68DFD8002CDDDB01228F
:1007C00002FA03F39C42D8DA564A574B12F8260035
:1007D00043F82640214605B0BDE8F04300F09ABC3E
:1007E0005249684600F0B2F96946204600F024FA02
:1007F0000546684600F06EF98DB121460122684633
:1008000000F03EFA684600F093FA0446684600F0AD
:1008100061F9204605B0BDE8F043FFF771BF4449D8
:10082000684600F093F96946204600F005FA05464F
:10083000684600F04FF98DB93E49684600F086F9E8
:100840006946204600F0F8F90546684600F042F98E
:100850004DB105B0BDE8F043FFF732BE05B0BDE8CD
:10086000F043FFF7F9BD3449684600F06FF9694677
:10087000204600F0E1F90546684600F02BF9002D0E
:1008800046D12E49684600F061F96946204600F0DD
:10089000D3F90546684600F01DF9002D3FF46DAF11
:1008A00021460122684600F0EBF9684600F040FA64
:1008B00004280646A8BF042626EAE676684600F025
:1008C00009F9194C1E491F481F4DDFF85490324654
:1008D00000F0D4F806EB460205EB0215114E04F1C8
:1008E00030074FF0010804E00434BC4206F104066E
:1008F0000ED055F8041B0029F6DBD9F8003008FAB1
:1009000003F39942F0DA3078216000F003FCEBE762
:1009100005B0BDE8F043FFF74FBE00BF349F0000B5
:100920001888FF1F909F0000BC8FFF1F389F00009A
:100930003C9F0000409F0000449F0000489F000033
:100940004C9F00002488FF1F2487FF1F30B51D4CDB
:100950002368BFF35B8FDB0785B021D51A4C1B4D95
:1009600001F0B4FA58B101F075FAC1B22A29204653
:1009700007D000F051F901F0A9FA0028F3D105B031
:1009800030BD2146684600F087F86846FFF7DEFE76
:10099000684600F09FF82946204600F0EBF8DFE7B4
:1009A000204600F0FDFA0028D8D00849064800F09B
:1009B000CDF8074A0749044801F020FD204600F021
:1009C000F5FACBE7A88FFF1FAC8FFF1F88A40000AC
:1009D0002087FF1FD50A00002DE9F843144D154C60
:1009E0002E68154FDFF8549040F2EE2801F0A6FB78
:1009F000237883B13B78DB070DD52B68D9F800202D
:100A00009B1A0E2B07D9FFF727FD0D4B1868BDE881
:100A1000F843FFF775BE2B6822789B1B2AB1B3F50C
:100A2000FA6FF0D801F08AFBE0E74345FAD9EAE72C
:100A3000EC8FFF1FCC90FF1FF090FF1FF490FF1F63
:100A40001888FF1FFFF7C8BFFFF780BF00B5036816
:100A500083B040F60D22ADF804205B68022201A9A4
:100A6000984703B05DF804FB034B022888BF034698
:100A700018461B685B6818472488FF1F0EB400B532
:100A800082B003AA52F8041B019203F065F802B089
:100A90005DF804EB03B07047F8B588424FF00005ED
:100AA0000446056045608560057302D08E680F6856
:100AB0000EB92046F8BD701C02F0F8F90028F8D0F5
:100AC000C4E900060570A660394603F08DFA204699
:100AD000F8BD00BF10B50446006802F0EFF92046EB
:100AE00010BD00BFF8B50446154632B9036803B11E
:100AF0001A700023A3602046F8BD43689A420E4650
:100B00001CD90068511C02F09DFC074660B1A36827
:100B1000206065600BB903702768A56031463846D0
:100B200003F062FA2046F8BD206810B102F0C6F961
:100B3000276000236360A3602046F8BD0768A560B6
:100B40003146384603F050FAECE700BF38B50023D1
:100B50000446036043608360037341B108460D4659
:100B600003F0CEFA294602462046FFF7BBFF204697
:100B700038BD00BF38B505460C4649B1084603F0FC
:100B8000BFFA214602462846FFF7ACFF284638BD8B
:100B9000A960284638BD00BF2DE9F8430446006827
:100BA000A36888420D46164609D8C218914206D25B
:100BB0000F1A4FF0010936B92046BDE8F8834FF00F
:100BC0000009002EF8D0626803EB060890450CD9A6
:100BD00008F1010102F036FC0028EDD0A368C4E959
:100BE000000813B903702068A368B9F1000F08D199
:100BF0002946184403F0F8F9C4F808802046BDE8F7
:100C0000F8833246C119184400F0A0F82368002286
:100C100003F80820F0E700BF10B582B000238DF87C
:100C20000410012201A904468DF80530FFF7B4FF36
:100C3000204602B010BD00BF08B58A6883689342A1
:100C400009D3006830B1096839B103F0E9F8B0FAA6
:100C500080F0400908BD002008BD084608BD00BF5F
:100C600083683BB110B50468204603F073F820B1E7
:100C7000001B10BD4FF0FF3070474FF0FF3010BD2C
:100C80002DE9F0418F6897420E46044602D2134682
:100C90003A461F460023A3602373B0682360904246
:100CA000636014D3874228BF0746316811F8078074
:100CB000CB5533689D180DD0284603F021FA2946FC
:100CC00002462046FFF70EFF336803F807802046F0
:100CD000BDE8F081A560F8E79A422DE9F0410446AD
:100CE0000E4602D911461A460B460020A06020731A
:100CF000B76820609742606014D39F4228BF1F46A8
:100D0000336813F80780D85533689D180DD02846EE
:100D100003F0F6F9294602462046FFF7E3FE336862
:100D200003F807802046BDE8F081A560F8E700BF22
:100D3000006808B102F0B6B8704700BF08B5FFF709
:100D400081FEFFF781FE01F0F9F9FAE701B441EA0B
:100D5000000313F003036FD1403A41D351F8043B31
:100D600040F8043B51F8043B40F8043B51F8043B85
:100D700040F8043B51F8043B40F8043B51F8043B75
:100D800040F8043B51F8043B40F8043B51F8043B65
:100D900040F8043B51F8043B40F8043B51F8043B55
:100DA00040F8043B51F8043B40F8043B51F8043B45
:100DB00040F8043B51F8043B40F8043B51F8043B35
:100DC00040F8043B51F8043B40F8043B51F8043B25
:100DD00040F8043B51F8043B40F8043B403ABDD294
:100DE000303211D351F8043B40F8043B51F8043B36
:100DF00040F8043B51F8043B40F8043B51F8043BF5
:100E000040F8043B103AEDD20C3205D351F8043BC4
:100E100040F8043B043AF9D204320AD0D2071CBF8E
:100E200011F8013B00F8013B03D30B7803704B78BA
:100E3000437001BC704700BF0C2A4AD310F0030373
:100E400011D0C3F10403D21ADB071CBF11F8013B18
:100E500000F8013B07D311F8013B00F8013B11F802
:100E6000013B00F8013B11F003033FF475AF30B4D0
:100E7000043AC91AC3F1040C51F8044B022B19D0DF
:100E8000032B0BD0240A51F8043B1D0644EA050449
:100E900040F8044B1C46043AF4D216E0240E51F8F4
:100EA000043B1D0244EA050440F8044B1C46043A86
:100EB000F4D20AE0240C51F8043B1D0444EA050472
:100EC00040F8044B1C46043AF4D20432B1EB0C0156
:100ED00030BC043AA0D3013A11F8013B00F8013BC1
:100EE000F9D20B7803704B7843708B78837001BC18
:100EF000704700BF08B50F4C636B58030DD4636B8C
:100F000059050FD4636B1A0511D4636BDB04F3D559
:100F100000F012F8636B5803F1D500F041FB636BEE
:100F20005905EFD500F008F8636B1A05EDD500F010
:100F300003F8EAE70080044008B5FFF7DBFF00BFD5
:100F4000014B10221A80704700200540704700BFF7
:100F5000094A08B50346106833B169460344A1F550
:100F600080518B4201D2136008BD03F037F80C2387
:100F700003604FF0FF3008BD1C88FF1F0020704742
:100F80004FF0FF30704700BF4FF400534B6000201C
:100F9000704700BF012070474FF0FF30704700BF1F
:100FA0000078B0FA80F04009704700BF0123037059
:100FB000704700BFFEE7FFFF01F1FF3C70B56546DB
:100FC000002401E070460134B0FBF2FE02FB1E0378
:100FD000092B03F130068ABF3733F3B2DBB29042FC
:100FE00005F8013FEED2631C0022CA54C8187CB138
:100FF00062461CF8015F10F801ED8CF800E0A1EBEF
:101000000C030232013B521A23449A420570EFDB73
:10101000084670BD10B40F4B53F8302092F8804250
:101020002CB1012391B182F8803010BC704703EBE2
:10103000C0035B681A6821B922F0020210BC1A6072
:10104000704742F0030210BC1A60704782F800310A
:1010500010BC7047C09F0000034B002210215A6152
:101060005A6018605961704700D00340704700BF54
:10107000F0B54FF0E0244FF400054FF0807CC4F849
:101080000851C4F808C14FF0007CC4F808C11D4ADB
:101090001D481E494FF0806CC4F808C12823002762
:1010A00048F6FF7609254FF0006CC4F808C183B0FC
:1010B00057609660D3605361D3615362D3625363C8
:1010C000D3635364156047608660C3604361056005
:1010D0004F608E60CB604B610D6001F0D3F8FFF77D
:1010E000C5FF0B4C23680093009B132BFAD900F02B
:1010F00011FE23680193019BB3F5967FF9D303B0EA
:10110000F0BD00BF008003400090034000800B4012
:10111000EC8FFF1F28287F4B36D000291B783FDD3E
:10112000012202FA03FC614510B554D2C21E012A05
:1011300070D9202867D0192865D0774A926802FBB9
:10114000011222FA03F3421F1B2A7DD8DFE812F0B6
:10115000C600BF007C007C00B800B1007C007C00B1
:101160007C007C007C007C007C007C007C00AA0071
:10117000A3009C0095007C00CD007C007C007C00DE
:101180007C007C007C00D40018780B2895BFC0F14F
:101190000C000C3801FA00F041FA00F001F0D6B86A
:1011A000212817D85D4B53F8302092F8801203EBBA
:1011B000C00300293CD001215B6882F800110120A6
:1011C0004FF4A27182F8800219601A6822F020029E
:1011D0001A6070477047212814D8504B53F83010CC
:1011E00091F8804203EBC00344B35B6881F8802030
:1011F0004FF4A272012081F880021A601A6822F06E
:1012000020021A6010BD464A926802FB011222FABF
:1012100003F398E7434CA268042802FB011222FA68
:1012200003F270D1404BA2614FF45171596310BD6C
:101230005B68196821F002011960C0E75B681A68F1
:1012400042F003021A60D3E72128DBD87F29D4BFFC
:1012500000210121FFF7DEFE304B03EBC00253F803
:101260003010536801244FF4A27281F880421A6052
:101270001A6822F020021A6010BD27482B4A8361A9
:1012800040F24441916010BD2348284A036140F276
:101290004441516010BD2048254A036440F2444156
:1012A000916110BD1C48224A836340F24441516160
:1012B00010BD19481D4A836240F24441116110BDBE
:1012C00015481A4A036240F24441D16010BD1248E9
:1012D000174A036340F24441116110BD0E48144A9D
:1012E000836440F24441D16110BD0D48114A8361CD
:1012F0004FF45171D16410BD09480E4A03614FF497
:101300005171916410BD084B22614FF45171196302
:1013100010BD00BF2088FF1F00800340C09F000059
:1013200000800B40009003400090044000B0044057
:1013300000C0044000A004400346102B28BF102327
:10134000034A012B38BF012310781370704700BF88
:101350002088FF1F2DE9F0470E4680462C49304675
:1013600001F058FD2B4B002847F6122712BF4FF013
:10137000020A4FF0010A1F4600244FF05E5927FA77
:1013800004F001F051FB4946054601F0A5FB01467A
:10139000304601F053FD30B90134072CEFD1F80984
:1013A00001F042FB05463146284601F049FC4FF06A
:1013B0007C5101F087FA01F055FD4FF6FF7398421A
:1013C00028BF1846A8F10303012B11D9A8F105087D
:1013D0005FFA88F8B8F11B0F08D80F4A012303FA07
:1013E00008F31A4010D113F0016F0BD1BDE8F0875C
:1013F0000A4B002244EACA041A605A6098601C60D2
:10140000BDE8F087064BF5E7064B0022F2E700BF88
:10141000405489400051250233800700009003406A
:1014200000800B4000800340431E032B17D872B688
:101430000C4951F8230080B110B40B4CB0F800C037
:1014400034F81320A2EB0C02D0F804C041F823C0FA
:1014500024F8132062B610BC704762B670470020B3
:10146000704700BF8090FF1FD090FF1F01380328F6
:101470000BD872B6074B53F8203043B100205B689D
:101480000130002BFBD162B6704700207047184630
:10149000F9E700BFA890FF1F10B472B6194A1A4CA2
:1014A000042312F8011B090743F0010C05D554F879
:1014B000331061B154F83C10B9B10433142BF0D19E
:1014C00062B6124B00221A7010BC00F09BBC0F4990
:1014D00004EBC302083050600A780D4844F833002A
:1014E000013A0A7062B610BC7047084A094904EB19
:1014F000CC0308305860137844F83C10013B13705B
:1015000062B6F0E750A100000080FF1FD890FF1FD7
:1015100088004000C8004000421E032A0ED81C4B21
:10152000400140F0100010B4034472B6194CA05CA6
:1015300003281CD8DFE800F01315031870470520B6
:10154000A05413F0080F088814BFC822882208315D
:1015500042EA004259601A6062B610BC704703202C
:10156000EEE708330220EBE708330420E8E70A4BF4
:1015700053F8220038B1094B53F82200416043F878
:10158000221062B6E9E743F82210044BF7E700BFE8
:101590000080FF1FC890FF1FA890FF1FB890FF1F7B
:1015A0002DE9F04FDFF8CCA2DFF8CCB285B03DE0FA
:1015B000B24D9E0805EBC607013A796813F008039F
:1015C000D4B2A1F1080040F0B88055F836204FEAB7
:1015D000124C120C21F808CC00F0A78021F8063C30
:1015E00041F8043CA64B53F82420002A00F0018265
:1015F000A44B53F82420506043F82400A24B33F846
:101600001420944423F814C000F0DCFB002800F000
:10161000E98117F0080F9D4B00F1080018BF5B46E9
:10162000786045F8363008238AF880309AF88030A0
:101630005907DCB21BD5964B1B78ABB195490A789C
:1016400002F0FF032AB1013BDBB20B70002B00F06C
:10165000468391490A7802F0FF032AB1013BDBB2CD
:101660000B70002B00F0EB8104238AF8803014F01B
:10167000080200F0CC819AF89020D3B2120997D1D9
:10168000DFF8F8919B0809EBC30459F8330064684C
:10169000C0F3830009287CD00FD80138012808D86E
:1016A0007E4A158842F22100854200F0FB8149F80C
:1016B00033B001238AF89430B5E70D28F9D1D4E985
:1016C0000007774D49F833B0744E764CC9F81020B6
:1016D00083B240F2816CC9F818202A6063454FF04C
:1016E0000102C6E90007227000F2FF80B3F5D06F57
:1016F00080F0CB82B3F5817F00F0268240F2DE805D
:1017000040F2023293427BD107F07F07042F00F2B0
:101710000881020C40F00581634911F8273043F03D
:10172000020301F82730134670E017F0080F574BFB
:1017300018BF5B4645F8363075E700F063FB5B4940
:101740005B4A51F82430002B00F05781586841F86B
:101750002400115D03F108007860032905D8DFE853
:1017600001F0120F1502042111551A8817F0080F05
:1017700014BFC823882343EA024345F8363052E7B2
:1017800002211155F1E703211155EEE7052111550D
:10179000EBE7434D2A683AB34649424C0F88464826
:1017A00094F800E00678402F3B4628BF4023BEF166
:1017B000000F8EF0010E84F800E046F0020486F07F
:1017C0000106067009EBC400426014BFC8208820DF
:1017D00040EA03401A44FB1A9BB249F834000B80DC
:1017E000002B00F036812A602C4B1A88B2F5A06FCE
:1017F0007FF45FAF9A788AF8982000225A7058E7F1
:10180000B3F5A06F40F08D8000221346B6F806C0F5
:101810002948944528BF944667460278402F28BF40
:10182000402742F0020E3E0409EBCE0846F0C806FF
:10183000C8F8043049F83E6000263B442670BCEBF3
:10184000070782F00106067040F01181BCF13F0FDE
:101850004FF0010509D946F00206027009EBC602F5
:1018600025705360882349F8363001238AF8943074
:101870001FE700BF00200740C80040000080FF1F96
:101880008090FF1F9090FF1FD090FF1F88004000A6
:10189000CC90FF1FCD90FF1FF890FF1FA090FF1F5F
:1018A0007490FF1F7190FF1FC0200740A890FF1F7A
:1018B000C890FF1F7290FF1F7090FF1F802B00F0D9
:1018C0008B81822B2DD107F07F07042F29D8A74ABF
:1018D00000231380A64B13F827309F0740F1FC81AB
:1018E00001231370A14B022290E742F2210C6345C1
:1018F000BBD01DD942F2212293420DD1BFB2002F9D
:1019000082D19C4B1A689C4B1A609C4BC0F30740D9
:1019100000221870134679E742F2213293423FF4D5
:1019200073AF0F238AF8C03001238AF89430C0E6E1
:10193000B3F5086F00F04A81B3F5106FF1D1904B09
:10194000C0F307400425187059F835301A0606D43C
:101950000135142D0CD059F835301A06F8D509EB9D
:10196000C50301355868083800F04CFA142DF2D13F
:10197000844A854B0292854A0192854E854ADFF85A
:1019800018820394009200251C4656F8047B2FB160
:1019900038467F6800F036FA002FF9D1009BD8F85E
:1019A000007043F8045B46F8045C00932FB138469E
:1019B0007F6800F027FA002FF9D1029B48F8045BFA
:1019C00043F8045B0293019B23F8025B01932378A5
:1019D000023B032B00F20981DFE813F03F01040111
:1019E0003F0104016D4A45F8360013780133137046
:1019F00019E643F82400674BFEE5115D022926D065
:101A00007FF611AE03291DD1012313550BE6E00724
:101A10006ED4210621D4A20708D5614B93F8882003
:101A20000221D2B283F8882083F88010E30603D520
:101A30005B4B102283F8802005B0BDE8F08F00F0EA
:101A400059FB11E617F0080F14BF032302231355A7
:101A5000E9E53F2F98BF0022C5E6514B80220D21BA
:101A600083F8C01083F88020A207DFD5D5E746F0C1
:101A700002060270402F09EBC6003A4628BF4022FA
:101A800043601004134440F088000121BA1A49F859
:101A90003600217055D02B60424B1A8001238AF802
:101AA000943006E692885AB93F4AE51D14F8011BA6
:101AB00002F8011FAC42F9D13C4A1268862A3CD098
:101AC0003B4C3C4825780278002D85F001052570B7
:101AD00042F0020482F00102027009EBC4024FF0EE
:101AE0000000506014BFC822882249F83420DEE587
:101AF0002B4B30483049314C022583F8945002700A
:101B00002F480C602F4D48608C600D24CD60FF2065
:101B10000A618A6183F8C04001219F2483F888000C
:101B200083F8800083F8982083F88C0083F8844041
:101B300083F8941005B0BDE8F08F234A0F20107091
:101B4000BEE73F2FA7D890E607F07F07042F3FF6A8
:101B5000E8AE000C7FF4E5AE054A12F8273023F01A
:101B6000020302F82730002213464FE67890FF1F49
:101B7000C0200740EC8FFF1FF490FF1FF090FF1F65
:101B8000CC90FF1FB890FF1FC890FF1FD090FF1F81
:101B90008090FF1F9090FF1FA890FF1FD890FF1FFD
:101BA000002007407290FF1FE790FF1FE890FF1F83
:101BB0007190FF1F7090FF1F0080FF1F8800400082
:101BC000F08FFF1F3090FF1FCD90FF1F484B4949FA
:101BD0001B780B700B4619E6464A00231380454BD1
:101BE000022213E64FF001032370434BB34204F18A
:101BF00001047FF4CAAE414E039CDFF80481414FDB
:101C000000233370042518F8013B3F4AAB541B07EF
:101C100025D445F0020145F0030204350023142DBC
:101C200049F8313049F83230EDD1384F25783A78DB
:101C300042F0020009EBC00C85F00106CCF804303C
:101C4000002D4DD1882382F0010226703A7049F8A8
:101C5000303001238AF894302BE52570C5E700F079
:101C6000B1F8002832D009EBC5030830586049F8B4
:101C7000357000F0A7F808B345F0010309EBC30283
:101C80000830506049F833B0C3E7214A5368002B4D
:101C90003FF447AE000CBFB204E013690C32002BD6
:101CA0003FF43FAE11888142F7D15188B942F4D157
:101CB000000A03280CBF1A781289A7E5337801338C
:101CC000337045F0010349F83300A2E7337849F84F
:101CD000350001333370CCE7064B022296E500BE97
:101CE0002670C82382F001063E7049F83030BCE50A
:101CF000CC90FF1F7890FF1F9090FF1FD890FF1F80
:101D000050A1000088004000C02007407090FF1FD5
:101D1000FCA0000070B500F039FB00231A4A1946F8
:101D200042F8331002EBC3000133142B4160F7D1AA
:101D3000164C174B606B174D40F480206063C2F364
:101D4000072483F89C40144CFF204FF0010CC2F391
:101D50000746120E83F8B0604FF0E02E83F8B420EF
:101D600083F8800083F88800187483F894C0217089
:101D700083F884C0702385F849304FF40072102333
:101D8000CEF80821237270BD0080FF1F0080044040
:101D90000020074000E400E00021074000F0ACB85C
:101DA00000F07CB800F056B800F090B800F076B9BA
:101DB00000F050B90846114600F0BAB8084600F0E5
:101DC0003BB900BF72B60D490B68B3FA83F00B281C
:101DD00010DC4FF00042C24023EA02030B6062B6FF
:101DE000074A00EBC000C10002EBC00000235350C3
:101DF0004360704762B60020704700BF3488FF1F01
:101E0000BC83FF1F0E4BC31AB3F5587F10D20D4A87
:101E1000127872B972B60C4A0C49A2FB0323086807
:101E20004FF000421B0922FA03F303430B6062B632
:101E30007047074A1278002AECD0FFF72DBB00BF8D
:101E4000BC83FF1FD890FF1F398EE3383488FF1FF3
:101E5000CC90FF1F38B50F4C206878B143880288BA
:101E6000C11801339A420D7A02D94380284638BD01
:101E7000FFF7C8FF00232360284638BD064B1B78B8
:101E80002BB10320FFF7D0FA20600028E6D14FF0F5
:101E9000FF35EBE7DC90FF1FCC90FF1F10B5094C1E
:101EA000206818B143881844007A10BD064B1B788F
:101EB0002BB10320FFF7B8FA20600028F2D14FF0D1
:101EC000FF3010BDDC90FF1FCC90FF1F084B094A6C
:101ED0001B6810B594881BB11A885B88D31A1C4400
:101EE0000CB1204610BD00F029F9204610BD00BFFE
:101EF000DC90FF1FD090FF1F0B4B1B789BB110B5E0
:101F00000A4C206848B1FFF77DFF002303202360BF
:101F1000FFF78AFA30B1FFF775FF0320FFF784FA65
:101F20000028F8D110BD7047CC90FF1FDC90FF1F38
:101F30002DE9F04FDFF8EC9083B0012289F8002002
:101F4000019179B3384FDFF8E480019D384EDFF816
:101F5000E4A083463968A1B3B1F802E0CEF1400CA9
:101F6000AC4528BFAC460EEB0C040022A4B2327084
:101F7000A5EB0C054C8001F10802BCF1000F0AD062
:101F80000EF1FF3E7244DC441BF8014B02F8014F96
:101F9000DC45F9D14C883F2C0BD805228AF800206B
:101FA000002DD7D10198002389F8003003B0BDE897
:101FB000F08F40220A800420FFF7AEFA00223A6038
:101FC000EBE798F800202AB348F6014408E0013C0A
:101FD00019D03278BAB900F0B1F898F80020CAB137
:101FE0000420FFF743FA0728F1D84FF0010389F8DE
:101FF0000030FFF7E7FE014638600028ACD1013C15
:1020000089F80000E5D101234FF0FF30337003B0B1
:10201000BDE8F08F00234FF0FF3089F8003003B0A7
:10202000BDE8F08FE190FF1FE490FF1FCC90FF1FF1
:10203000E090FF1FF890FF1F00B583B00346012119
:102040000DF107008DF80730FFF772FF03B05DF860
:1020500004FB00BF38B50E4D0E4C286801232370D9
:1020600028B140880023C0F14000237038BD0A4BDE
:102070001B7813B90020207038BD0420FFF7F6F953
:102080000728F7D8FFF79EFE28600028E9D1F1E77E
:10209000E490FF1FE190FF1FCC90FF1FF8B5114B9C
:1020A0001B788BB1104E114D346801272F7064B12D
:1020B0000F4B00271F706388238021460420FFF701
:1020C0002BFA376000232B70F8BDFFF77BFE084B1F
:1020D000014620B104201C70FFF71EFAF2E71F70C2
:1020E000F0E700BFCC90FF1FE490FF1FE190FF1FBF
:1020F000F890FF1F38B50E4B1B7853B90D4C216873
:1021000041B103F0FF054B880B800420FFF704FA70
:10211000256038BDFFF756FE014620B1BDE83840C6
:102120000420FFF7F9B9044B01221A7038BD00BF33
:10213000E190FF1FE490FF1FF890FF1F2DE9F84387
:10214000324E337863B1324F3A784AB90122D90717
:102150003A7043D49A0726D400225B073A7001D420
:10216000BDE8F8832B4B1A68002AF9D0EFF30582FB
:10217000002AF5D1EFF3108572B6186800283AD01E
:10218000254C2178002936D142691A600123237039
:10219000002A37D0916105B962B60025836845777A
:1021A00098472570DCE7DFF8748098F80020002A53
:1021B000D2D00025DFF868902B4659F823402368D9
:1021C00020461B690135984708B12369984798F85C
:1021D0000020EBB29A42F0D83378BDE7FFF776FEE5
:1021E00068B9104B1B780BB93378B3E7337803F039
:1021F000FE033370AEE7002DB2D162B6B0E700F057
:10220000C3F8EEE7084B1A60C5E700BF3888FF1F28
:10221000F990FF1FFC90FF1F0891FF1F1C91FF1FEB
:102220001091FF1FF8A000000C91FF1F70B5EFF395
:10223000108272B60C4C206880B10C4E00254369A8
:10224000236073B19D6102B962B683684577984790
:10225000EFF3108272B620680028F0D102B962B69E
:1022600070BD3360EFE700BF0491FF1F0091FF1FB7
:10227000FFF7DCBF024A136801331360704700BFE9
:10228000EC8FFF1F2A4B2B4A6020E12118705970F8
:1022900013782948082B34D00A2B20D00C2B274B3D
:1022A0000CBF15213D2112228160C2609960DA6065
:1022B000234B21491B78214ACBB101230B621362C6
:1022C000204B1D491B781D4A012B13D9042B1BD809
:1022D00084234B6253621C4B01221A707047174BC8
:1022E000192113228160C2609960DA60E0E70B6215
:1022F0001362E5E780234B625362134B01221A708D
:1023000070470E4B0121ECE7082B06D885234B6262
:1023100053620D4B01221A707047102B94BF862315
:1023200087234B625362084B01221A70704700BF2B
:10233000004007403988FF1F00B0034000B00B4049
:102340001D91FF1F3A88FF1F1E91FF1F0B4A0C496A
:10235000D36A43F48053D3620B784BB1094B80228C
:1023600083F82120074B80F30C0000B218807047DF
:10237000044BC02283F82120F4E700BF0080044012
:102380001D91FF1F00C00C40704700BF10B584B006
:1023900072B6174A702441200F2180231470D07127
:1023A0009171137013781B06FCD5906862B6114BBF
:1023B000114C984238BF00EB800001A938BF4000A3
:1023C0000A22FEF7F9FD01A92046002311F8012B8E
:1023D00001333AB10A2B20F8022FF7D116232370CC
:1023E00004B010BD5B00DBB2237004B010BD00BFB1
:1023F0000000024080969800C888FF1F03460846E8
:10240000194601F0BDBD00BF81F0004102E000BFF0
:1024100083F0004330B54FEA41044FEA430594EAA4
:10242000050F08BF90EA020F1FBF54EA000C55EADF
:10243000020C7FEA645C7FEA655C00F0E2804FEAB0
:102440005454D4EB5555B8BF6D420CDD2C4480EA92
:10245000020281EA030382EA000083EA010180EAC2
:10246000020281EA0303362D88BF30BD11F0004F10
:102470004FEA01314FF4801C4CEA113102D0404246
:1024800061EB410113F0004F4FEA03334CEA133381
:1024900002D0524263EB430394EA050F00F0A78099
:1024A000A4F10104D5F1200E0DDB02FA0EFC22FA94
:1024B00005F2801841F1000103FA0EF2801843FA88
:1024C00005F359410EE0A5F120050EF1200E012A79
:1024D00003FA0EFC28BF4CF0020C43FA05F3C018B7
:1024E00051EBE37101F0004507D54FF0000EDCF130
:1024F000000C7EEB00006EEB0101B1F5801F1BD3D9
:10250000B1F5001F0CD349085FEA30004FEA3C0CDC
:1025100004F101044FEA445212F5800F80F09A80D2
:10252000BCF1004F08BF5FEA500C50F1000041EBD6
:10253000045141EA050130BD5FEA4C0C404141EBDA
:102540000101013C28BFB1F5801FE9D291F0000FD5
:1025500004BF01460020B1FA81F308BF2033A3F184
:102560000B03B3F120020CDA0C3208DD02F1140C7B
:10257000C2F10C0201FA0CF021FA02F10CE002F1B6
:102580001402D8BFC2F1200C01FA02F120FA0CFCAF
:10259000DCBF41EA0C019040E41AA2BF01EB0451F8
:1025A000294330BD6FEA04041F3C1CDA0C340EDCF6
:1025B00004F11404C4F1200220FA04F001FA02F339
:1025C00040EA030021FA04F345EA030130BDC4F1F7
:1025D0000C04C4F1200220FA02F001FA04F340EAEC
:1025E0000300294630BD21FA04F0294630BD94F09D
:1025F000000F83F4801306BF81F480110134013D84
:102600004EE77FEA645C18BF7FEA655C29D094EAF4
:10261000050F08BF90EA020F05D054EA000C04BF72
:102620001946104630BD91EA030F1EBF002100205D
:1026300030BD5FEA545C05D14000494128BF41F0FC
:10264000004130BD14F580043CBF01F5801130BD60
:1026500001F0004545F0FE4141F470014FF00000EB
:1026600030BD7FEA645C1ABF194610467FEA655C9C
:102670001CBF0B46024650EA013406BF52EA03353E
:1026800091EA030F41F4002130BD00BF90F0000F2C
:1026900004BF0021704730B54FF4806404F1320468
:1026A0004FF000054FF0000150E700BF90F0000F21
:1026B00004BF0021704730B54FF4806404F1320448
:1026C00010F0004548BF40424FF000013EE700BF18
:1026D00042004FEAE2014FEA31014FEA02701FBFA8
:1026E00012F07F4393F07F4F81F06051704732F0DA
:1026F0007F4208BF704793F07F4F04BF41F4002131
:10270000704730B54FF4607401F0004521F000418E
:102710001CE700BF50EA010208BF704730B54FF018
:1027200000050AE050EA010208BF704730B511F019
:10273000004502D5404261EB41014FF4806404F151
:1027400032045FEA915C3FF4D8AE4FF003025FEAD7
:10275000DC0C18BF03325FEADC0C18BF033202EB5B
:10276000DC02C2F1200300FA03FC20FA02F001FAB5
:1027700003FE40EA0E0021FA02F11444BDE600BF58
:102780004FF0FF3C06E000BF4FF0010C02E000BF3D
:102790004FF0010C4DF804CD4FEA410C7FEA6C5C20
:1027A0004FEA430C18BF7FEA6C5C1BD001B050EAC3
:1027B000410C0CBF52EA430C91EA030F02BF90EAAE
:1027C000020F0020704710F1000F91EA030F58BF6D
:1027D000994208BF90422CBFD8176FEAE37040F0CF
:1027E000010070474FEA410C7FEA6C5C02D150EA6D
:1027F000013C07D14FEA430C7FEA6C5CD6D152EA28
:10280000033CD3D05DF8040B704700BF84461046EC
:1028100062468C461946634600E000BF01B5FFF7EB
:10282000B7FF002848BF10F1000F01BD4DF808EDBB
:10283000FFF7F4FF0CBF012000205DF808FB00BF8C
:102840004DF808EDFFF7EAFF34BF012000205DF8E6
:1028500008FB00BF4DF808EDFFF7E0FF94BF012033
:1028600000205DF808FB00BF4DF808EDFFF7CEFF34
:1028700094BF012000205DF808FB00BF4DF808ED73
:10288000FFF7C4FF34BF012000205DF808FB00BF44
:102890004FEA410C7FEA6C5C02D150EA013C0AD15C
:1028A0004FEA430C7FEA6C5C02D152EA033C02D14E
:1028B0004FF0000070474FF00100704780F000407B
:1028C00002E000BF81F0004142001FBF5FEA410308
:1028D00092EA030F7FEA226C7FEA236C6AD04FEA08
:1028E0001262D2EB1363C1BFD2184140484041404D
:1028F000B8BF5B42192B88BF704710F0004F40F4FF
:10290000000020F07F4018BF404211F0004F41F41A
:10291000000121F07F4118BF494292EA030F3FD0E6
:10292000A2F1010241FA03FC10EB0C00C3F12003F9
:1029300001FA03F100F0004302D5494260EB400088
:10294000B0F5000F13D3B0F1807F06D340084FEAF3
:10295000310102F10102FE2A51D2B1F1004F40EBE8
:10296000C25008BF20F0010040EA03007047490050
:1029700040EB0000013A28BFB0F5000FEDD2B0FAED
:1029800080FCACF1080CB2EB0C0200FA0CF0AABF10
:1029900000EBC25052421843BCBFD04018437047AE
:1029A00092F0000F81F4000106BF80F400000132B4
:1029B000013BB5E74FEA41037FEA226C18BF7FEA8B
:1029C000236C21D092EA030F04D092F0000F08BFCD
:1029D0000846704790EA010F1CBF0020704712F0B4
:1029E0007F4F04D1400028BF40F00040704712F1F3
:1029F00000723CBF00F50000704700F0004343F058
:102A0000FE4040F4000070477FEA226216BF08468D
:102A10007FEA23630146420206BF5FEA412390EA50
:102A2000010F40F4800070474FF0000304E000BF46
:102A300010F0004348BF40425FEA000C08BF7047F7
:102A400043F0964301464FF000001CE050EA0102BB
:102A500008BF70474FF000030AE000BF50EA0102D0
:102A600008BF704711F0004302D5404261EB4101BD
:102A70005FEA010C02BF84460146002043F0B643E2
:102A800008BFA3F18053A3F50003BCFA8CF2083A07
:102A9000A3EBC25310DB01FA02FC634400FA02FC10
:102AA000C2F12002BCF1004F20FA02F243EB020017
:102AB00008BF20F00100704702F1200201FA02FC79
:102AC000C2F1200250EA4C0021FA02F243EB02006C
:102AD00008BF20EADC7070474FF0FF0C1CEAD052B0
:102AE0001EBF1CEAD15392EA0C0F93EA0C0F6FD071
:102AF0001A4480EA010C400218BF5FEA41211ED04F
:102B00004FF0006343EA501043EA5111A0FB01313A
:102B10000CF00040B1F5000F3EBF490041EAD3710F
:102B20005B0040EA010062F17F02FD2A1DD8B3F18B
:102B3000004F40EBC25008BF20F00100704790F0FA
:102B4000000F0CF0004C08BF49024CEA502040EA4C
:102B500051207F3AC2BFD2F1FF0340EAC250704712
:102B600040F400004FF00003013A5DDC12F1190F50
:102B7000DCBF00F000407047C2F10002410021FAC2
:102B800002F1C2F1200200FA02FC5FEA310040F1DA
:102B9000000053EA4C0308BF20EADC70704792F053
:102BA000000F00F0004C02BF400010F4000F013A8B
:102BB000F9D040EA0C0093F0000F01F0004C02BF86
:102BC000490011F4000F013BF9D041EA0C018FE7F5
:102BD0000CEAD15392EA0C0F18BF93EA0C0F0AD0FB
:102BE00030F0004C18BF31F0004CD8D180EA010021
:102BF00000F00040704790F0000F17BF90F0004FBA
:102C0000084691F0000F91F0004F14D092EA0C0F9B
:102C100001D142020FD193EA0C0F03D14B0218BF2E
:102C2000084608D180EA010000F0004040F0FE4074
:102C300040F40000704740F0FE4040F44000704710
:102C40004FF0FF0C1CEAD0521EBF1CEAD15392EA8F
:102C50000C0F93EA0C0F69D0A2EB030280EA010C7F
:102C600049024FEA402037D04FF0805343EA111118
:102C700043EA10130CF000408B4238BF5B0042F176
:102C80007D024FF4000C8B4224BF5B1A40EA0C001B
:102C9000B3EB510F24BFA3EB510340EA5C00B3EB4D
:102CA000910F24BFA3EB910340EA9C00B3EBD10F3B
:102CB00024BFA3EBD10340EADC001B0118BF5FEA8D
:102CC0001C1CE0D1FD2A3FF650AF8B4240EBC250B6
:102CD00008BF20F0010070470CF0004C4CEA502077
:102CE0007F32C2BFD2F1FF0340EAC250704740F4C6
:102CF00000004FF00003013A37E792F0000F00F0B8
:102D0000004C02BF400010F4000F013AF9D040EA35
:102D10000C0093F0000F01F0004C02BF490011F4C9
:102D2000000F013BF9D041EA0C0195E70CEAD153C1
:102D300092EA0C0F08D142027FF47DAF93EA0C0FA8
:102D40007FF470AF084676E793EA0C0F04D14B028C
:102D50003FF44CAF08466EE730F0004C18BF31F03E
:102D6000004CCAD130F000427FF45CAF31F0004338
:102D70007FF43CAF5FE700BF4FF0FF3C06E000BFD1
:102D80004FF0010C02E000BF4FF0010C4DF804CDF4
:102D90004FEA40024FEA41037FEA226C18BF7FEA04
:102DA000236C11D001B052EA530C18BF90EA010F06
:102DB00058BFB2EB030088BFC81738BF6FEAE17095
:102DC00018BF40F0010070477FEA226C02D15FEA31
:102DD000402C05D17FEA236CE4D15FEA412CE1D09D
:102DE0005DF8040B704700BF844608466146FFE764
:102DF0000FB5FFF7C9FF002848BF10F1000F0FBD46
:102E00004DF808EDFFF7F4FF0CBF012000205DF83E
:102E100008FB00BF4DF808EDFFF7EAFF34BF0120C3
:102E200000205DF808FB00BF4DF808EDFFF7E0FF5C
:102E300094BF012000205DF808FB00BF4DF808EDAD
:102E4000FFF7D2FF94BF012000205DF808FB00BF10
:102E50004DF808EDFFF7C8FF34BF012000205DF8F2
:102E600008FB00BF42000ED2B2F1FE4F0BD34FF071
:102E70009E03B3EB126209D44FEA002343F00043F0
:102E800023FA02F070474FF00000704712F1610F13
:102E900001D1420202D14FF0FF3070474FF00000E5
:102EA000704700BF0A22002100F064BD024B0146BA
:102EB000186800F00BB800BF888FFF1F024B014657
:102EC000186801F02FBA00BF888FFF1F2DE9F04F5F
:102ED00001F10B06162E83B0044624D8102900F207
:102EE000BA8000F0A3FA102618220220B54F3A4407
:102EF000A2F1080153688B4200F0BA805A68D96881
:102F000022F003021A449D68E9608D60516841F027
:102F100001012046516003F1080500F08DFA2846B2
:102F200003B0BDE8F08F36F0070600F19480B1429F
:102F300000F2918000F07AFAB6F5FC7FC0F09A8139
:102F4000730A00F08F80042B00F26F81B30903F144
:102F5000390003F1380CC3009A4F3B44A3F1080534
:102F60005B689D4206D10CE0002980F22781DB6876
:102F70009D4206D05A6822F00302911B0F29F3DD0F
:102F800060463D69DFF840C265457CD06A6822F042
:102F90000302931B0F2B00F37B81002BC7E904CCAA
:102FA00080F26C81B2F5007F80F01A81D3087968D5
:102FB00001334FEA521E012202FA0EF20A4357F879
:102FC00033E0C5F808E007EBC3010839E9607A602F
:102FD00047F83350CEF80C508310012199409142AC
:102FE00057D8114206D120F003004900114200F1E8
:102FF0000400FAD007EBC0094D468646D5F80C8090
:10300000454508D11DE1002B80F22481D8F80C80C1
:10301000454500F01681D8F8042022F00302931BE6
:103020000F2BF0DD2046D8E9025408EB060146F0EC
:103030000106C8F80460EC60A56043F00104C7E92C
:103040000411C1E902CC4C6048F8023000F0F4F9F8
:1030500008F1080502E00C2323600025284603B090
:10306000BDE8F08F4FF4007340204FF03F0C73E742
:10307000D3689A4208BF02307FF440AF3D69DFF861
:1030800048C1654582D17A688310012199409142F7
:10309000A7D9BD686B6823F003094E4503D8A9EB97
:1030A00006030F2B7ADCDFF824B1494BDBF8002054
:1030B0001B680132334405EB090A00F0338103F544
:1030C00080530F3323F47F6828F00F0841462046D1
:1030D00000F05CFF411C024600F0F380824500F2E4
:1030E000EE803C4B196841441960084600F04E815F
:1030F000DBF80010019301311BBFA2EB0A01091894
:10310000CBF80020196012F0070B00F01781CBF10B
:1031100008010A44CBF5805190440831A1EB080125
:10312000C1F30B0A51462046009200F02FFF421CCB
:10313000DDE9002300F04F81801A00EB0A081968CE
:10314000BA6048F001005144BD425060196000F07F
:103150002981B9F10F0F40F227816868A9F10C0CA1
:103160002CF0070C00F0010040EA0C0068604FF002
:10317000050E05EB0C00BCF10F0FC0E901EE00F2EB
:10318000328150681546144B1A688A4238BF19605C
:10319000124B1A688A4238BF196094E0AA1943F0AA
:1031A000010346F001066E602046BA60536000F0ED
:1031B00043F90835284603B0BDE8F08FD9681A44B2
:1031C000A1E600BFE088FF1FE888FF1FE88CFF1F13
:1031D0005091FF1F2091FF1F4891FF1F4C91FF1F2F
:1031E000B2F5206F4FEA522363D3142B00F2B7805D
:1031F00003F15C01C9005B3307EB010E7958AEF1B6
:10320000080E8E4500F091804B6823F00303934233
:1032100002D989688E45F7D1D1F80CE07A68C5E902
:10322000021ECEF80850CD60D6E6142B59D9542B87
:1032300000F29D80330B03F16F0003F16E0CC300AD
:103240008AE60EF1010E1EF0030F05F108057FF46A
:10325000D5AE51E0424445465368D8F80C1043F0CF
:103260000103536055F8083F2046D9608B6000F099
:10327000E3F8F3E6F00806F1080237E62A442046B0
:10328000536843F001035360083500F0D5F8E5E6D4
:10329000A919204646F0010643F001046E60C7E913
:1032A0000411C1E902CC4C60AB5000F0C5F8083500
:1032B000D4E6930903F13901C90038339CE7BD42D4
:1032C0005FD0BD68686820F003084645A8EB060398
:1032D00002D80F2B3FF762AF204600F0ADF8002573
:1032E000BCE603F15C0003F15B0CC30034E659F863
:1032F00008394B4540F0968010F0030F00F1FF3085
:10330000F5D17B6823EA01037B60490099423FF6CF
:10331000C0AE19B9BDE649000EF1040E1942FAD04B
:10332000704667E603F11008D0E69A104FF00108E6
:103330007B6808FA02F21A437A6070E702EB080130
:103340004942C1F30B0A51462046009200F01EFE8E
:10335000431CDDE900237FF4EFAEDA46EFE6542BA1
:1033600025D8130B03F16F01C9006E3344E7B3F5A1
:10337000AA7F25D8F30B03F1780003F1770CC30083
:10338000EAE5294B186840441860B1E6CAF30B0C13
:10339000BCF1000F7FF4ACAEBD68C84448F001003A
:1033A0006860F0E61546EEE60123536094E7B3F556
:1033B000AA7F23D8D30B03F17801C90077331BE729
:1033C00040F25452934223D8B30C03F17D0003F131
:1033D0007C0CC300C0E5ABF1080BD844A8EB020895
:1033E0004FF0000AABE605F108012046009300F01B
:1033F00099FFBD68009B68681968C4E640F25451A3
:103400008B420BD8930C03F17D01C9007C33F3E6AA
:103410004FF47E737F204FF07E0C9DE54FF47E715C
:103420007E23E9E67B6870E72091FF1F014800F0EA
:1034300061BE00BF9492FF1F014800F05DBE00BF57
:103440009492FF1F10B4044C03460A46206810BC37
:10345000194600F003B800BF888FFF1F2DE9F84F11
:103460001746002900F098800C4607F10B058046AE
:10347000FFF7DCFF162D54F8041C5BD810252A46F4
:10348000AF425CD821F003069642A4F1080962DA43
:10349000BC4BD3F808C009EB0600844500F09780C8
:1034A000D0F804C02CF0010303445B68DB0768D448
:1034B0002CF0030C06EB0C03934247DACB0710D435
:1034C00054F8083CA9EB030ADAF8043023F00301AE
:1034D0008C44B444944580F211817318934280F275
:1034E000E88039464046FFF7F1FC0746E0B154F862
:1034F000043C23F001034B44A0F10802934200F086
:10350000D280321F242A00F2F580132A00F2AC8008
:1035100003462246116819605168596092689A60A2
:103520002146404600F0FEFE4046FFF785FF384644
:10353000BDE8F88F25F00705002D2A46A0DA0C23F8
:10354000C8F8003000273846BDE8F88F1E46D0E99D
:103550000223D3609A60731B0F2B22D8D9F8043052
:1035600003F0010333434E44C9F80430736843F059
:103570000103736040462746FFF75EFF3846BDE80B
:10358000F88FC907ADD454F8083CA9EB030ADAF860
:10359000041021F00301A0E7BDE8F84F1146FFF742
:1035A00095BCD9F8042009EB050102F001024E4454
:1035B00043F001032A43C9F804204B60736843F0C9
:1035C000010308317360404600F0ACFED2E7DCF83E
:1035D000040020F0030B06EB0B0C05F110008445F2
:1035E0004DDAC9073FF57DAF54F8081CA9EB010A75
:1035F000DAF8041021F003018B44B34458453FF737
:103600006CAF5746DAF80C1057F8080F321F242A0F
:10361000C160886000F2DB80132A40F2D680216806
:10362000CAF808106168CAF80C101B2A00F2DF8083
:1036300008340AF110022168116061685160A168C4
:1036400091600AEB0501ABEB050242F001029960C3
:103650004A60DAF8043003F001032B434046CAF80D
:103660000430FFF7E9FE6EE7236803606368436098
:103670001B2A68D804F1080200F108034AE709EBA5
:1036800005029A60ACEB050343F00103536054F864
:10369000043C03F001032B43404644F8043CFFF78D
:1036A000CBFE27464FE750F8043C23F003031E44AB
:1036B00051E75746DAF80C1057F8080F321F242A42
:1036C000C16088604CD8132A48D92168CAF808100C
:1036D0006168CAF80C101B2A56D808340AF1100287
:1036E0001E462368136063685360A3689360D146E5
:1036F0003C4630E7214600F05FFA11E7D0E90213BB
:103700005746CB60996057F8081FDAF80C30CB6049
:10371000321F242A99602DD8132A29D92368CAF880
:1037200008306368CAF80C301B2A42D808340AF102
:10373000100322681A6062685A60A2689A6066463E
:10374000D1463C4607E7A3688360E368C360242A48
:1037500026D004F1100200F11003DBE63A46BFE781
:10376000214638461E46D14600F026FA3C46F2E68F
:103770003B46DEE7214638466646D14600F01CFA55
:103780003C46E8E6E088FF1FA168CAF81010E1682F
:10379000CAF81410242A20D010340AF118029FE726
:1037A000236903616169416104F1180200F11803A2
:1037B000B0E6A368CAF81030E368CAF81430242AC7
:1037C00021D010340AF11803B3E73A4633E7214613
:1037D000384600F0F1F9164B33E72269CAF8182091
:1037E0006269CAF81C2018340AF1200278E7A1683F
:1037F000CAF81010E168CAF81410242A0DD0103449
:103800000AF1180217E72369CAF818306369CAF881
:103810001C3018340AF120038BE72269CAF81820FB
:103820006269CAF81C2018340AF1200203E700BFBD
:10383000E088FF1F012B2DE9F84F41D0242B1F46B4
:103840003ED880464A488E4675461EF801BB10F8A1
:103850000B4014F00804F7D1BBF12D0F71D0BBF170
:103860002B0F08BF9EF800B06FF0004908BF05F1AC
:10387000020E002B42D0102B55D0B9FBF7F60025D5
:10388000284607FB169A05E033D007FB00C0012548
:103890001EF801BBABF1300CBCF1090F06D9ABF13E
:1038A000410CBCF1190F12D8ABF1370C634517DD91
:1038B000B5F1FF3FECD08642E6D24FF0FF35E7E7A7
:1038C00000F08CFB162303600020BDE8F88FABF1FD
:1038D000610CBCF1190F03D8ABF1570C6345E7DC61
:1038E0006B1C25D084B9002AEFD095BB1160BDE8D0
:1038F000F88FE245C9DA4FF0FF35C9E7BBF1300F69
:1039000004D00A273B46B8E74042ECE79EF8003077
:1039100003F0DF03582B20D110279EF801B03B465F
:103920000EF1020EA9E7BBF1300F19D01F46A4E734
:103930002223C8F8003072B10EF1FF314846116001
:10394000D5E79EF800B04FF0004905F1020E0124C2
:103950008FE78146F0E74846B7E708273B468CE704
:103960009EF8000000F0DF005828D5D01F4684E7FD
:103970009DA1000010B4044C84461346206810BC7E
:103980000A466146FFF756BF888FFF1F024A034968
:10399000034800F0EDB800BFF08CFF1F5D68000029
:1039A000688EFF1F0C4B4168994210B5044601D048
:1039B00002F054FFA168094B994202D0204602F060
:1039C0004DFFE168064B994204D02046BDE8104007
:1039D00002F044BF10BD00BF5491FF1FBC91FF1FF8
:1039E0002492FF1F2DE9F8432A4C2B4B2B48DFF87C
:1039F000B090DFF8B0802C4F186000250423082217
:103A0000294604F15C00294E6566C4E90253C4E905
:103A10000055C4E90455A56100F04AF9244B6367D9
:103A20000822294604F1C400C4E90749C4E909870A
:103A3000C4E91A55C4E91E55C4F8CC502567C4F82A
:103A40008050E66200F034F91A4BC4F8DC302946A5
:103A500004F16803082204F59670C4F88430C4E9C0
:103A60002298C4E92476C4E93455C4E93855C4F829
:103A70003451C4F8D850C4F8E85000F019F904F1F2
:103A8000D003C4E93C98C4E93E76C4F8EC30BDE804
:103A9000F88300BF5491FF1F8C92FF1F8D390000E7
:103AA000996A0000BD6A0000FD6A00001D6B0000FD
:103AB000090001001200020010B504460A4800F097
:103AC00019FB636B23B9094B094A1B68626323B175
:103AD000BDE81040044800F00FBBFFF783FFBDE8CE
:103AE0001040014800F008BB9892FF1F8C92FF1F06
:103AF000A5390000014800F0FDBA00BF9892FF1FF1
:103B0000014800F0F9BA00BF9892FF1FF0B5ADF57B
:103B1000057D04AF009313464FF400720E460392E6
:103B2000394603AA054600F0F3F988B10446024677
:103B3000039B3146284600F03BFABC42039004D078
:103B40002846214600F0EEFB03980DF5057DF0BDFB
:103B50004FF0FF30F9E700BF10B4044C8446134621
:103B6000206810BC0A466146FFF7D0BF888FFF1F50
:103B70002DE9F84380460F4616464FF00009D6E976
:103B80000154013D11D4A389012B05F1FF3508D95A
:103B9000B4F90E300133214603D04046B84749EA14
:103BA00000096B1C04F16804EDD13668002EE6D1E3
:103BB0004846BDE8F88300BF88420DD98B18834280
:103BC0000AD900EB020CBAB1624613F801CD02F833
:103BD00001CD9942F9D170470F2A0ED8034602F160
:103BE000FF3C4AB10CF1010C013B8C4411F8012B54
:103BF00003F8012F6145F9D1704740EA01039B07A3
:103C000050D1A2F1100370B501F1200C23F00F0583
:103C100001F1100E00F11004AC441B095EF8105CB9
:103C200044F8105C5EF80C5C44F80C5C5EF8085CD0
:103C300044F8085C5EF8045C44F8045C0EF1100E75
:103C4000E64504F11004E9D1013312F00C0F01EB49
:103C5000031102F00F0400EB031327D0043C24F0FF
:103C600003064FEA940C1E441C1F8E465EF8045B4C
:103C700044F8045FB442F9D10CF1010402F00302EC
:103C800003EB840301EB840102F1FF3C4AB10CF128
:103C9000010C013B8C4411F8012B03F8012F614505
:103CA000F9D170BD02F1FF3C03469BE72246EBE7EA
:103CB000830730B548D0541E002A3FD0CAB203460D
:103CC00001E0013C3AD303F8012B9D07F9D1032C05
:103CD0002DD9CDB245EA05250F2C45EA054536D943
:103CE000A4F1100222F00F0C03F1200EE6444FEA7B
:103CF000121C03F1100242E9045542E90255103248
:103D00007245F8D10CF1010214F00C0F03EB021212
:103D100004F00F0C13D0ACF1040323F003030433BD
:103D2000134442F8045B9342FBD10CF003042CB122
:103D3000C9B21C4403F8011B9C42FBD130BD644650
:103D40001346002CF4D1F9E703461446BFE71A46A0
:103D5000A446E0E711F0FF01034644D0820732D1C8
:103D600010B5046841EA012E4EEA0E4E8EEA0402B6
:103D7000A2F1013323EA0203A4F1013222EA040290
:103D8000134313F0803F0FD150F8044F84EA0E0C18
:103D9000A4F10133ACF1013223EA040322EA0C025C
:103DA000134313F0803FEFD0037823B936E010F8C7
:103DB000013F002B32D09942F9D110BD8A4211D077
:103DC0009A071846CCD0184613F8012B002AF5D1D3
:103DD000104670479907184607D0184601330278F5
:103DE000002AF7D170478207F7D10268A2F10133A8
:103DF00023EA020313F0803F08D150F8042FA2F108
:103E0000013323EA020313F0803FF6D00378002B3E
:103E1000E8D010F8013F002BFBD17047184610BDC9
:103E2000002A3ED040EA01039B0730B584462FD1DB
:103E3000032A2DD90B4608E0043A8446194625D0BA
:103E40001EF0803F22D1032A22D90468194653F874
:103E5000045BA4F1013EAC4284462EEA040E00F15C
:103E60000400E9D09CF800000C78A0421BD1E64683
:103E700068B11EF8010F11F8014FA2EB0E03A0422A
:103E800003F1FF330FD11CEB0303F1D1002030BD50
:103E90009CF800000C78844205D1012AF6D0E64651
:103EA000E6E710467047001B30BD00BF40EA010343
:103EB0009B0730B501D1032A0FD8844601F1FF3E9C
:103EC00007E01EF8011F03F8011B541EC1B19C46F8
:103ED00022466346002AF4D130BD0B46844619467B
:103EE00053F8045BA5F1013424EA050414F0803F83
:103EF000E4D1043A032A4CF8045B1946EFD8DDE715
:103F00009444002CE8D003F8011B6345FBD130BD7D
:103F100030B5146815469BB01A4609B1002C19D16A
:103F200000214FF42273ADF80C30009104914FF64C
:103F3000FF7302910591ADF80E3069461E9B00F0AB
:103F40000DFB002813DB009B286000221A700498E8
:103F50001BB030BD4FF4C16300910491ADF80C303B
:103F60002146E4DA8B23036000201BB030BD002023
:103F7000EEE700BF014B93F828017047FC8CFF1F50
:103F800013460A460146022000F028B938B5074D0D
:103F90000022044608462A60FCF7DAFF431C00D0E2
:103FA00038BD2B68002BFBD0236038BD3094FF1F39
:103FB00038B50C46084D8446114620461A46002363
:103FC0002B606446FCF750FD431C00D038BD2B68C5
:103FD000002BFBD0236038BD3094FF1F014B1868C5
:103FE000704700BF888FFF1F80EA0102844612F0ED
:103FF000030F4FD111F0030F32D14DF8044D11F0E2
:10400000040F51F8043B0BD0A3F101329A4312F094
:10401000803F04BF4CF8043B51F8043B16D100BF6D
:1040200051F8044BA3F101329A4312F0803FA4F1FE
:1040300001320BD14CF8043BA24312F0803F04BF85
:1040400051F8043B4CF8044BEAD023460CF8013BF2
:1040500013F0FF0F4FEA3323F8D15DF8044B70479C
:1040600011F0010F06D011F8012B0CF8012B002ADA
:1040700008BF704711F0020FBFD031F8022B12F0C9
:10408000FF0F16BF2CF8022B8CF8002012F47F4F84
:10409000B3D1704711F8012B0CF8012B002AF9D18C
:1040A000704700BF70B50D4E0D4D761BB61006D093
:1040B000002455F8043B01349847A642F9D1094E33
:1040C000094D761B06F044FAB61006D0002455F8C8
:1040D000043B01349847A642F9D170BD5CA50000AD
:1040E0005CA5000064A500005CA50000704700BF4F
:1040F000704700BF704700BF704700BFFFFFFFFF62
:1041000090F800F06DE9024520F007016FF0000C17
:1041100010F0070491F820F040F049804FF00004BF
:104120006FF00700D1E9002391F840F000F108009A
:1041300082FA4CF2A4FA8CF283FA4CF3A2FA8CF3D2
:104140004BBBD1E9022382FA4CF200F10800A4FA39
:104150008CF283FA4CF3A2FA8CF3E3B9D1E904238D
:1041600082FA4CF200F10800A4FA8CF283FA4CF3C4
:10417000A2FA8CF37BB9D1E9062301F1200182FA7E
:104180004CF200F10800A4FA8CF283FA4CF3A2FA84
:104190008CF3002BC6D0002A04BF04301A4612BA92
:1041A000B2FA82F2FDE8024500EBD2007047D1E995
:1041B000002304F00305C4F100004FEAC50514F024
:1041C000040F91F840F00CFA05F562EA05021CBFF5
:1041D00063EA050362464FF00004A9E72DE9F047C2
:1041E000DFF874A00646DAF8000098460F469146BC
:1041F000FFF780FF194B1C6824B365681F2D24DC72
:104200005EB96B1C0235DAF80000636044F8257073
:10421000FFF772FF0020BDE8F08704EB8501012362
:10422000C1F88890D4F88821AB401A43022EC4F814
:104230008821C1F80881E4D1D4F88C211A43C4F84C
:104240008C21DEE7064C1C60D7E7DAF80000FFF7A8
:1042500053FF4FF0FF30DEE78C8FFF1F2C94FF1FC2
:104260009C92FF1F024B13B1024800F005B8704743
:1042700000000000C56B0000002301461A461846E6
:10428000FFF7ACBFF8B5244F0C460646FFF7CEF853
:10429000BB685D68C4F57E610F3125F003054B19DD
:1042A00023F47F6323F00F03A3F58054B4F5805FFC
:1042B00007DB00213046FFF769FEBB682B449842BC
:1042C00004D03046FFF7B8F80020F8BD6142304610
:1042D000FFF75CFE01300DD0104ABB682D1B45F086
:1042E00001055D60136830461B1B1360FFF7A4F8DF
:1042F0000120F8BD00213046FFF748FEBA68831A56
:104300000F2BDEDD43F001035360054B03491B68AF
:10431000C01A0860D5E700BFE088FF1F2091FF1F8B
:10432000E88CFF1F002961D0F8B50C460646FFF760
:104330007DF854F8042C7B4FA4F1080522F001010C
:1043400005EB010CB868DCF80430604523F003038A
:1043500000F08B80D207CCF8043032D454F8082C0B
:10436000AD1A1144AA6807F1080082426AD00CEB2A
:104370000304D4F804E0EC68D4601EF0010FA260DE
:1043800000F0978041F001036B60CCF80010B1F5AC
:10439000007F35D27868CB080122490901338A4071
:1043A000024357F833107A6007EBC302083AC5E9B5
:1043B000021247F83350CD603046BDE8F840FFF7B1
:1043C0003BB80CEB03025268D00710D4194407F134
:1043D0000800DCF80830834273D0DCF80C20DA6087
:1043E000936041F001036B606950D0E7704741F082
:1043F0000103B1F5007F44F8043CCCF80010C9D3A8
:10440000B1F5206F4FEA512348D28B0903F13900EF
:1044100003F13802C300F818FB580838984259D005
:104420005A6822F003028A4202D99B689842F7D167
:10443000D868C5E902308560DD603046BDE8F840E7
:10444000FEF7FABF0CEB03025268D20763D40B44A9
:10445000DCE90212CA60916043F001026A603046F2
:10446000EB50BDE8F840FEF7E7BF0B44D10707D497
:1044700054F8082CAD1A1344D5E90212CA609160B1
:1044800043F001026A60284ABD6012689A4293D8DC
:10449000264B30461968FFF7F5FE8DE7142B0AD935
:1044A000542B1FD80B0B03F16F0003F16E02C300F6
:1044B000B1E719448DE703F15C0003F15B02C3002F
:1044C000A9E741F00103C7E90455C5E902006B60A3
:1044D000695071E779689210012404FA02F20A43E4
:1044E0007A60A6E7B3F5AA7F06D8CB0B03F1780074
:1044F00003F17702C3008EE740F25452934206D88C
:104500008B0C03F17D0003F17C02C30083E74FF4C1
:104510007E737E227FE741F001036B60CCF80010D0
:104520004AE700BFE088FF1FEC8CFF1F5091FF1F80
:1045300082B049B15AB16BB113780B601278101E7A
:1045400018BF012002B0704701A9002AF3D110461C
:1045500002B070476FF00100F4E700BF2DE9F04FA3
:10456000D9B00C460C9190460E93824602F0E8FAC0
:10457000036819931846FFF7C3FD0822179000211E
:1045800028A8FFF795FBA3891F0603D52369002BF5
:1045900000F03F8700232FAA0024CDE92D33CDE979
:1045A0001A33CDE91C331393189309930023CDE9F3
:1045B00014342C9291464446A046784BD3F8E450EC
:1045C000FFF7D8FC034628A80090424624A950468D
:1045D000A847002800F0B080C0F2A680249A252ABF
:1045E000034601D09844E8E7B8EB0407064640F0DC
:1045F000A78000234FF0FF328DF887309B460B9346
:1046000008F1010898F8003008922B25202608F1BF
:104610000108A3F120025A2A00F2C280DFE812F05A
:10462000E602C000C000E102C000C000C0006A0095
:10463000C000C00008028402C0001302C702C0000C
:10464000C2025B005B005B005B005B005B005B0029
:104650005B005B00C000C000C000C000C000C00024
:10466000C0004301C00089011D0243014301430111
:10467000C000C000C000C0001802C000C000960208
:10468000C000C000C000B101C000A902C000C0004D
:10469000DD06C000C000C000C000C000C000C000F7
:1046A000C0004301C0008901E2014301430143010D
:1046B0007702E2017F00C0008902C0005F02DA06D3
:1046C00032027F00C000B1017C00B406C000C0000F
:1046D000B806C0007C00A3F13002002118F8013BAD
:1046E00001EB810102EB4101A3F13002092AF5D966
:1046F0000B918EE7504602F023FA43681C9318464C
:10470000FFF7FEFC1D900746504602F019FA836839
:104710001A93002F40F0B18598F8003077E798F8A9
:1047200000304BF0200B72E70822002128A8FFF789
:10473000BFFA0123984440E7B8EB0407064611D0BE
:104740002E9B3B442E932D9B0133072BC9E9004739
:104750002D9319DC09F10809099B3B440993002EAC
:104760007FF447AF2E9B002B41F001820C9BB3F9E5
:104770000C3013F0400F099B18BF4FF0FF33099323
:10478000099859B0BDE8F08F0C992CAA504603F057
:104790004BFB0028EAD10DF1BC09DDE7FC8CFF1FC3
:1047A0001093002BDED000228DF8FC3001238DF811
:1047B000872007930D920A930892129216921192F3
:1047C0003FAC1BF0020302D00799023107911BF0A6
:1047D00084010F9105D10B9907980F1A002F00F350
:1047E00082832E9E82B10122C9F804202D9A0132C3
:1047F00001360DF18701072A2E962D92C9F8001077
:1048000000F3BD8309F1080983B12D9B22AA01336E
:104810000236C9F80020072B4FF002022E962D9386
:10482000C9F8042000F3C08309F108090F9B802B0D
:1048300000F08182089B0A9A9F1A002F00F3BC8225
:104840001BF4807F40F01E820A9BC9F804301E448E
:104850002D9BC9F800400133072B2E962D9300F3B2
:10486000378309F108091BF0040F05D00B9B079A49
:104870009C1A002C00F3A483099B0B9A07998A4287
:10488000ACBF9B185B180993002E40F0CA8200232E
:104890002D930D9B1BB10D995046FFF743FD0DF174
:1048A000BC09444688E610930E9B073323F00701AA
:1048B000F1E80223CDE91423DDE9142323F00045B8
:1048C0000E9116461046B34B29464FF0FF32FDF7C6
:1048D000DFFF002840F0FC84AE4B304629464FF005
:1048E000FF32FDF7B7FF002840F0F284DDE9140144
:1048F00000220023FDF7A4FF002841F038809DF836
:104900008720A54CA54B2BF0800B10994729C8BFD9
:104910001C46002303210D9307910A9108931293DB
:1049200016931193002A3FF44CAF079B0133079372
:1049300047E7432B109303D01BF0100F00F0518575
:104940000E9E082200212AA83FACFFF7B1F92AAB3E
:1049500056F8042B2146504602F09AF903460133DB
:104960000A9001F0C3820A9B0E9623EAE373079331
:1049700000228DF887200D920892129216921192C1
:104980001FE70E9F109357F8044B00238DF88730D4
:10499000002C00F04D85109B532B00F0D4861BF0AB
:1049A0001003119340F0CF86089B5D1C01F0CC8072
:1049B00011991A46204602F01BF90D90002801F0CB
:1049C00051830D9B11999DF887200E971B1B0A930D
:1049D00023EAE373079373230891129116910D91C3
:1049E00010939FE71BF0200F10930E9B3CD00733D2
:1049F00023F007031A4611465B6851F8082B0E9105
:104A00001946002BC0F20184089B013300F0A882F4
:104A100052EA01032BF0800540F0A382089B002B93
:104A200040F0A482AB46002308930A9358ACFFE001
:104A30000E9B53F8042B0B92002A80F20C840B9AE5
:104A40000E9352420B9298F800304BF0040BDEE5C7
:104A500098F800304BF0080BD9E54BF0100B1BF029
:104A6000200F10930E9BC2D11BF0100F40F0FE835D
:104A70001BF0400F00F0F68333F9042B0E93D1178F
:104A80000B46BEE70E9B53F8042B0E9347F63003FC
:104A9000ADF888307820424B18934BF00205002186
:104AA000022310900020089C8DF88700601C00F005
:104AB000A88052EA010025F0800B40F0A180002C74
:104AC00040F09586002BAED115F001030A9300F05B
:104AD000C78330238DF85F310DF25F14A8E01BF01F
:104AE000200F40F0E5831BF0100F40F086861BF08E
:104AF000400F40F07F871BF4007F00F07E860E9B06
:104B0000099953F8042B0E931170444654E598F814
:104B10000030682B03BF98F801304BF4007B08F19C
:104B200001084BF0400B72E598F800308DF8875083
:104B30006DE598F800306C2B03BF98F801304BF00E
:104B4000200B08F101084BF0100B60E510934BF0BF
:104B5000100B1BF0200100F04A830E9B073323F05B
:104B60000703596853F8082B0E932BF48065002334
:104B700098E710934BF0100515F0200100F0288302
:104B80000E9B073323F00703596853F8082B0E9345
:104B9000012387E7FFFFEF7FA0A20000A4A200008F
:104BA000B0A2000098F800304BF0800B2FE5414692
:104BB00011F8013B2A2B01F07F82A3F13002092A70
:104BC000884698BF002101F2768118F8013B01EB7D
:104BD000810102EB4101A3F13002092AF5D90891C4
:104BE00017E598F800304BF0010B10E59DF8873081
:104BF000002B7FF491AD98F800308DF8876006E5C2
:104C00005D46012B00F0AD81022B58AC1FD11898E6
:104C100002F00F031209C35C04F8013D42EA01727D
:104C2000090952EA0103F3D158AB1B1BAB460A93A7
:104C30000A9908989DF8872081424FF00003B8BF79
:104C400001460D9307911293169311936AE602F0B1
:104C50000703D20842EA4172C908303352EA01061A
:104C6000204604F8013DF2D1E907DDD5302BDBD039
:104C70003023023804F8013C58AB1B1AAB460A93A8
:104C80000446D5E7109B652B40F3DC80DDE9140179
:104C900000220023FDF7CAFD002800F0C88101238F
:104CA000C9F804302D9BBD4AC9F8002001330136F4
:104CB000072B2E962D9300F3398509F10809239BC4
:104CC000139A934280F2C282179B199A1E44C9E933
:104CD00000232D9B2E960133072B2D9300F38D83FC
:104CE00009F10809139B5C1E002C7FF7BCAD102C4A
:104CF0002D9BAB4D40F35585324610270C9E05E0A9
:104D000009F10809103C102C40F34A850133103298
:104D1000072BC9E90057CDE92D32F1DD2CAA314628
:104D2000504603F081F8002840F08380DDE92D3201
:104D30000DF1BC09E6E70B9B079A9F1A002F7FF73E
:104D400079AD102F2D9B964D23DD324626460C9CC7
:104D500004E0103F102F09F1080918DD013310326B
:104D60001021072BCDE92D32C9F80050C9F80410E5
:104D7000EFDD2CAA214650460DF1BC0903F054F892
:104D8000002856D1103F102FDDE92D32E6DC3446E5
:104D9000164601333E44072BCDE92D36C9F80050A5
:104DA000C9F8047000F31685089B0A9A9F1A002F11
:104DB00009F108097FF744AD102F2D9B784D22DDB6
:104DC000324626460C9C04E0103F102F09F10809DA
:104DD00017DD013310321021072BCDE92D32C9F830
:104DE0000050C9F80410EFDD2CAA2146504603F00C
:104DF0001BF8F0B9103F102FDDE92D320DF1BC0981
:104E0000E7DC3446164601333E44072BCDE92D3608
:104E1000C9F80050C9F8047000F3CD8109F1080900
:104E20000EE50C992CAA504602F0FEFF00283FF434
:104E30002EAD0D9B002B3FF499AC0D995046FFF71A
:104E400071FA93E4139B012B40F36E812D9FC9F8F7
:104E5000004001231F440136072FC9F804302E9665
:104E60002D9700F3D98109F10809179B199A013789
:104E70001E44072FC9E90023CDE92D7600F3D9811F
:104E800009F10809DDE9140100220023FDF7CEFC39
:104E9000002840F06781139B0137013B01341E4419
:104EA000072FC9F800402D97C9F804302E9600F35B
:104EB0004C8109F108091B9BC9F8043001371E44D5
:104EC000072F26ABCDE92D76C9F800307FF7C9ACA6
:104ED0000C992CAA504602F0A7FF0028A9D12E9EBB
:104EE0000DF1BC09BFE4102FDDE92D212D4D27DD8B
:104EF000CDE91E381026D046A2460C9C04E0103F97
:104F0000102F09F1080916DD01321031072AC9E90D
:104F10000056CDE92D21F2DD2CAA214640460DF1A7
:104F2000BC0902F081FF002840F0F283103F102FEF
:104F3000DDE92D21E8DC54461E9BC246DDF87C806D
:104F4000C9F8005001327E18072ACDE92D26C9F88C
:104F5000047000F3CC839DF8872009F1080941E42F
:104F60005D460A2A71F1000380F029833032012363
:104F70008DF85F21AB460A930DF25F1458E60C9949
:104F80001E932CAA504602F04FFF00287FF451AF29
:104F90002E9E1E9B0DF1BC0936E400BFE0A200006E
:104FA000F4A20000E4A200000C992CAA504602F0E2
:104FB0003BFF00287FF43DAF2E9E0DF1BC0935E488
:104FC000102C2D9BB84D1FDDDDF830B0102704E00C
:104FD000103C102C09F1080916DD01331036072B9F
:104FE000C9E90057CDE92D36F2DD2CAA59465046C5
:104FF0000DF1BC0902F018FF00287FF41AAF103C35
:10500000102CDDE92D36E8DC01332644072BC9E9F5
:105010000054CDE92D367FF72FAC0C992CAA5046C1
:1050200002F002FF00287FF404AF2E9E24E42399AF
:10503000002940F32783119D139B9D42A8BF1D4665
:10504000002D0BDD2D9B01332E44072BC9E90045B4
:105050002E962D9300F3DD8609F10809119F002D8E
:10506000A8BF7F1B002F00F3F481119B1BF4806FFE
:1050700023440A9340F01482239B139A934203DB48
:105080001BF0010F00F0A584179A19991644C9E97D
:1050900000122D9A2E960132072A2D9200F3C68611
:1050A00009F10809139AA518D41A0A9BED1AA5420A
:1050B000A8BF2546002D0DDDC9F800302D9BC9F88D
:1050C000045001332E44072B2E962D9300F3BE86F9
:1050D00009F10809002DA8BF641B002C7FF7C3ABA2
:1050E000102C2D9B714D40F35C83324610270C9E93
:1050F00005E009F10809103C102C40F351830133FD
:105100001032072BC9E90057CDE92D32F1DD2CAA69
:105110003146504602F088FE00287FF48AAEDDE971
:105120002D320DF1BC09E6E71BF0010F7FF48EAEC6
:105130002D9FC9F8004001231F440136072FC9F8ED
:1051400004302E962D977FF7B4AE0C992CAA5046BA
:1051500002F06AFE00287FF46CAEDDE92D760DF1D9
:10516000BC09A8E6139B5C1E002C7FF7A4AE102C94
:105170004E4D40F34C83324610230C9E05E009F15E
:105180000809103C102C40F3418301371032072FDF
:10519000C9E90053CDE92D72F1DD2CAA3146504604
:1051A00002F042FE00287FF444AEDDE92D720DF1DD
:1051B000BC091023E5E70C992CAA504602F034FEF6
:1051C00000287FF436AE2E9E0DF1BC09FFF738BBE8
:1051D00015F0100360D115F0400200F073830E98B3
:1051E00050F8042B0E90194692B201235AE41BF09A
:1051F000100368D11BF0400200F056830E9850F85F
:10520000042B0E90194692B2AFE4524261EB410179
:105210005D462D20012346E40C992CAA504602F04D
:1052200003FE00287FF405AEDDE92D760DF1BC0903
:105230001BE60C992CAA504602F0F6FD00287FF4DC
:10524000F8ADDDE92D760DF1BC091BE61BF0010F71
:105250003FF409AB38E50E9398F80030FFF7D7B963
:1052600058ACE5E41BF4007F40F0BD8353F8042BF9
:105270000E93D1170B46FFF7C4BB1A9B002B3FF4CC
:105280004BAA1A9B1B78002B3FF446AA98F80030D3
:105290004BF4806BFFF7BBB90E9B53F8042B0E93B6
:1052A0000123FFF7FFBB00BFE4A20000F4A200004F
:1052B0000E9B099853F8041B0E93C217C1E9000214
:1052C0004446FFF779B90E9B53F8042B0E934CE438
:1052D000DDE9140102460B46FDF7DAFA002840F03A
:1052E0007586109B612B00F05B85412B00F0AC852F
:1052F000089B0133109B23F02003079300F0638485
:10530000472B04D1089B002B08BF01230893DDE93C
:1053100014010A46002A4BF48073CDF83CB0C0F269
:10532000E1859B46002316461E9307460D93109B6E
:10533000413B252B00F26783DFE813F0520465033D
:105340006503650349044E0465036503650365034E
:10535000650365036503650365036503650365030D
:1053600065036503650365036503650365036503FD
:1053700065036503650365036503650365036503ED
:105380006503650349044E0410935D46FFF7F4BBC3
:105390001093B74B18931BF0200100F0FC800E9B7C
:1053A000073323F00703596853F8082B0E931BF0BB
:1053B000010F0AD052EA010307D0109B8DF8893003
:1053C00030234BF0020B8DF888302BF480650223DC
:1053D000FFF768BB1093FFF7BCBB1093A54B189366
:1053E000D9E70E9B012153F8042B07918DF8FC207F
:1053F0000E930A913FACFFF7BBBA0C992CAA50460A
:1054000002F012FD00287FF414AD2E9E0DF1BC09B0
:1054100068E440215046FDF759FD0C9B1860186167
:10542000002800F060860C9A40235361FFF7B2B861
:10543000089B0D94062B214628BF0623089422467C
:1054400007938D4C0E970A93129116911191FFF7C5
:1054500069BA102F2D9B894D40F34582324626466E
:105460000C9C05E009F10809103F102F40F3398228
:10547000013310321021072BCDE92D32C9F800502D
:10548000C9F80410EEDD2CAA2146504602F0CCFCEF
:1054900000287FF4CEACDDE92D320DF1BC09E3E745
:1054A000139B0A9DCDF83C804A46DDF85890CDF814
:1054B00028B0E31808931A9FDDF874B0DDF8308047
:1054C000129B10943146B9F1000F2ED083BB013FDF
:1054D00009F1FF391C9BC2E9003B2D9B0133594464
:1054E000072B2E912D935FDC0832089B38785B1BCD
:1054F0008342A8BF0346002B1E460BDD2D980130CA
:1055000019440728C2E900532E912D9000F35681CB
:1055100038780832002EACBF841B0446002C0BDC0C
:105520000544129BB9F1000FD0D1002B00F0D483B9
:10553000129B013B1293CDE7102C2D981DDD1026F8
:1055400004E0103C102C02F1080216DD01304B4B38
:1055500010310728C2E90036CDE92D01F1DD2CAA72
:105560004146504602F060FC00287FF462AC103CDB
:10557000102CDDE92D012FAAE8DC01303F4B5460EF
:1055800021440728CDE92D01136000F3FB8338780F
:1055900008320544C5E71BF0100300F0BC800E9BE9
:1055A00053F8042B0E9302E72CAA4146504602F012
:1055B0003BFC00287FF43DAC2E992FAA95E7CDF84F
:1055C00034902F4BDDF86890CDF81C8005F480678F
:1055D0004FF0000C58AC4FF0CC3B0A9505E00A2A7E
:1055E00071F1000134D342463146501840F10000B9
:1055F000A3FB005626F0030505EB9605401B151A84
:1056000061F1000E0BFB05F603FB0E66A5FB03859F
:105610002E4408F0010E0525AEFB055E2D184FEA5D
:105620005808303504F8015C48EAC6780CF1010CE2
:10563000013C7608002FD2D099F800008445CED1E5
:10564000BCF1FF0FCBD00A2A71F1000180F09881E4
:105650000A9DCDF8689058AB1B1BDDF81C80DDF867
:105660003490CDF84CC0AB460A93FFF7E1BA00BFC7
:10567000B0A20000C4A20000D8A20000F4A2000062
:10568000CDCCCCCC0123C9F804302D9BBA4AC9F843
:10569000002001330136072B2E962D9300F38C81C9
:1056A00009F10809002940F0BE80139A0BF00103AC
:1056B00013433FF4D8A8179B19999A19C9E9001305
:1056C0002D9B2E920133072B2D9300F36E8209F14F
:1056D00008091399C9F8004001338E18072BCDE94A
:1056E0002D36C9F804107FF7BCA8FFF7F1BB0C9961
:1056F0001E932CAA504602F097FB00287FF499AB2A
:105700009DF887202E9E1E9B0DF1BC09FFF76AB8FD
:10571000C246FFF78EBB1BF0400200F0B8800E9827
:1057200050F8042B0E90194692B240E60C992CAA20
:10573000504602F079FB00287FF47BAB2E9E0DF1E2
:10574000BC09FFF7BCBA2AAE0822002130462594D6
:10575000FEF7AEFA089B5A1C00F0D4800025CDF865
:105760001C80CDF834B0A8469B460CE03FA95046BB
:1057700001F08EFA431C404400F0B883584508DC21
:1057800000F035848046259A525933460435002A64
:10579000ECD1CDF82880DDF834B0DDF81C80BEE017
:1057A000164601332644072BC9F80050C9F80440B7
:1057B000CDE92D367FF755A8FFF78ABB2CAA4146C5
:1057C000504602F031FB00287FF433AB38782E9935
:1057D0002FAA9FE60C992CAA504602F025FB002820
:1057E0007FF427AB2E9E0DF1BC09FFF723B8012BE8
:1057F0005D467FF409AAFFF7B9BB0E9B099953F8E0
:10580000042B444611600E93FEF7D6BE16460137B0
:105810002644072FCDE92D76C9F80050C9F8044079
:105820007FF747AB91E4179B19989A19C9E90003D0
:105830002D9B2E920133072B2D9300F3B68109F196
:1058400008090029BFF645AF4F4210314B4D80F299
:10585000888349461026A1460C9C04E00831103F7D
:10586000102F40F37C8301331032072BC1E900561F
:10587000CDE92D32F2DD2CAA2146504602F0D4FAB1
:1058800000287FF4D6AADDE92D322FA9E7E70E9B89
:105890001BF400711ABF114653F8042B53F8042B64
:1058A0000E9318BFD2B282E50E9B1BF400711ABF93
:1058B000114653F8042B53F8042B0E9318BFD2B2A1
:1058C000FFF753B90E9B15F400711ABF114653F838
:1058D000042B53F8042B0E9318BFD2B20123FFF709
:1058E000E1B83446164601333E44072BCDE92D3648
:1058F000C9F80050C9F8047000F34A8109F1080999
:10590000FFF7B3BB00231946009625AA504601F0C5
:10591000E5F9034601330A9000F0E88225940A9BDA
:10592000002B3DD0632B00F3298100230D933FAC66
:10593000082200213046FEF7BBF90A9D00962B464F
:1059400025AA2146504601F0C9F9854240F0C4839A
:105950000A990E970023635421EAE1719DF887208C
:1059600008930791129316931193FEF7DBBF2D2234
:105970008DF88720FEF7C5BFE0A20000F4A200006A
:105980001D9B1C99E41A1A462046FEF78FFA99F8D7
:105990000120A54B0AB109F101094FF0000C22E6E4
:1059A0000A9B9DF887200E97CDE907331293169333
:1059B00011930D93FEF7B6BF0C992CAA504602F036
:1059C00033FA00287FF435AA23992E9E0DF1BC09E5
:1059D00068E6139A0A99A5186D1AD41AA542A8BFA9
:1059E0002546FFF777BB13F9042B0E93D1170B460F
:1059F000FFF707B80E9B099953F8042B0E931180FB
:105A00004446FEF7D9BD089B0A9302232AA90491B4
:105A100025A90A9D039123A900933A46334601958F
:105A20000291504601F090FA079B472B044600F084
:105A3000A381462B054405D10378302B00F0B882B2
:105A4000239B1D443846314600220023FCF7EEFE1E
:105A5000002800F066812B461B1B1393079B472BE6
:105A600000F04A81079B462B00F00082239B119394
:105A7000119B079A013B412A239300F023829DF852
:105A800040200021002BB8BF119B8DF89820BABF91
:105A9000C3F101032D222B22092B8DF8992040F30D
:105AA0004F820DF1AF05614E2A46104686FB032159
:105AB000DA17C2EBA10202EB8201A3EB4101303104
:105AC00000F8011C19466329134600F1FF32ECDC93
:105AD0003033D9B2831E9D4202F8011C40F2E982A4
:105AE00013460DF19A0201E013F8011B02F8011BA5
:105AF0009D42F9D10DF1B1030DF19A021B1A134425
:105B000026AA9B1A1B93139B1B9A012B1A440A92D9
:105B100040F349820A9B179A13440A930F9B0A9AEF
:105B200023F4806343F4807B22EAE2720023129321
:105B30000792169311931E9B002B40F0EB809DF86B
:105B400087200893FEF7EEBE20460E97FEF7D8FAA0
:105B5000119B089320EAE071129316930D9373231F
:105B60009DF887200A9007911093FEF7DBBE0C99F1
:105B70002CAA504602F058F9FEF7F8BD591C5046C1
:105B8000FDF7A4F90446002800F0B0810D90CFE69F
:105B90000C992CAA504602F047F900287FF449A935
:105BA0002E9E0DF1BC09FFF760BA0C992CAA504645
:105BB00002F03AF900287FF43CA9DDE92D3223995F
:105BC0000DF1BC093DE606230893FFF7A0BB089B37
:105BD00001330A93022319E7089B0A93032315E76D
:105BE0003846314623AA01F087F800224FF07F5350
:105BF00003F0B6FD0022002306460F46FCF716FE12
:105C000008B1012323930A4B0A93089BCDF84C90CB
:105C1000013BCDE9118B2546DDF828B0CDF858A021
:105C200098461F940DE000BFCDCCCCCC676666666D
:105C3000C4A200000022002308F1FF38FCF7F6FDA3
:105C4000E8B9AE4B00223046394603F089FD0F46D5
:105C5000064603F097FF0446FCF728FD0B46024674
:105C600039463046FCF7D4FB1BF80430B8F1FF3F4F
:105C7000AA46C14605F8013B06460F46DAD1A04BBD
:105C8000002230463946DDE9118BCDF84490DDF82D
:105C90004C90CDE912A4DDF858A01F9CFCF7EEFD56
:105CA000002840F03181964B304639460022FCF7FF
:105CB000BDFD18B1139BDE0700F12681119B002B5F
:105CC00007DB119B01332B44302205F8012BAB423B
:105CD000FBD12B1B1393C1E6109C139BDDF828B05E
:105CE000DDF83C801A97E3189D4228BF1D46914677
:105CF0000E460A95FFF7C0B9239B1193DD1C02DB0A
:105D0000089A934219DD109B023B109323F0200365
:105D10000793ADE62D2200238DF887200893FEF728
:105D200004BE2A9BAB42BFF497AE30215A1C2A9284
:105D300019702A9B9D42F9D88EE6119B139A9342C3
:105D4000C0F2C5800F9B13F0010F119B00F04D8135
:105D5000179A13440A930F9B590503D5119B002BE7
:105D600000F356810A9B23EAE3730793672310939A
:105D7000002312931693DEE60F9BDB0700F19F8052
:105D80002A9B69E62CAA4146504602F04DF80028AD
:105D90007FF44FA838782E992FAA0544FFF7C1BB8E
:105DA00078238DF8893030238DF888304BF002034A
:105DB0000F93089B632B00F3ED8000230D933FAC02
:105DC000DDE914121346002B4BF4817B67DB1E4682
:105DD000109B23F02003079300230F461E93109B74
:105DE000612B7FF4A4AA3846314623AA00F084FF31
:105DF00000224FF07F5303F0B3FC0022002306463D
:105E00000F46FCF713FD08B1012323933D4B0A9382
:105E1000FBE60C992CAA504602F006F800287FF405
:105E200008A82E9E0DF1BC09FFF718B90C992CAAF1
:105E3000504601F0F9FF00287EF4FBAF239B2E9E15
:105E40000DF1BC09FFF72EB95823AAE70C992CAA2B
:105E5000504601F0E9FF00287EF4EBAF239C139B32
:105E60002E9E1C1B0DF1BC09FFF734B9239A0F9B22
:105E70001192002A03F0010340F3088108990B43B3
:105E800040F0FD80119B0A93662310930F9B5A05E7
:105E900000F1C0800A9B23EAE373079368E7109B35
:105EA00023F020030793DDE9142303F100462D239B
:105EB00017461E9393E700220892FEF7AABB0A9D9D
:105EC0002544BFE5109A0F32D2B20121DAE5139BC7
:105ED000179A9A18119B0A92002B40F38F80672320
:105EE0001093D3E79B4600230D93DCE70C9AB2F99D
:105EF0000C3043F040039381FEF73BBC0000304080
:105F00000000E03FB0A20000129B0A9A2A93D17BC6
:105F100015F8013C8B422A4609D1302002F8010CC9
:105F20002A9A531E2A9312F8013C9942F6D0392B33
:105F30000BBF0A9B01339B7ADBB202F8013CC8E637
:105F4000002940F08C8030228DF89A200DF19B02C0
:105F5000303302F8013B26ABD31A1B93D3E54C46F2
:105F6000894601333A44072BCDE92D32C9F8005058
:105F7000C9F804707FF7ABAB0C992CAA504601F01E
:105F800053FF00287EF455AFDDE92D320DF1BC0939
:105F9000FFF79FBB591C5046FCF798FF04460028AA
:105FA000A4D00D900CE70F9BD8077FF5B7ADB1E5F6
:105FB0003846314600220023FCF738FC00287FF4E5
:105FC0003FAD0A9BC3F1010323933AE5159B4A4C6D
:105FD000002BB4BF2D229DF88720484BB8BF8DF809
:105FE00087202BF0800BFEF790BC0A93B3E6089B4A
:105FF000DDF81C80DDF834B00A9390E4C3F10103AE
:106000001A4422EAE273079367230A921093AFE6D9
:10601000672310931A990B78FF2B59D00025119AFA
:10602000284603E001300131FF2B08D0934206DA05
:10603000D21A4B78002BF5D10B780135F4E7119289
:106040001A9116901295129A169B1D9913440A9A4A
:1060500001FB03230A9323EAE37307936BE50DF136
:106060009A0275E7089B07930A9373239DF887208C
:106070000E970890129016901093FEF753BC179B42
:10608000D518294466230A911093FFE6089A134312
:1060900005D101236622079310920A9368E6179BA5
:1060A0005D1C2A4422EAE273079366230A92109346
:1060B0005EE602231B9326E50E9A98F80130884687
:1060C00052F8041B0E9241EAE1710891FEF79FBA63
:1060D000002312931693B6E70C9A938943F040037A
:1060E0009381FEF7A6BE0C23CAF800304FF0FF33B1
:1060F0000993FEF745BB00BFA8A20000ACA20000B8
:10610000436C70B505460C464BB153F8240080B182
:10611000026843F824200023C0E9033370BD212224
:10612000042100F041FE034668640028EDD1002000
:1061300070BD012101FA04F6721D9200284600F09C
:1061400033FE0028F3D0C0E90146E4E731B1436CE7
:106150004A6853F82200086043F82210704700BFD5
:106160002DE9F0410D6907460E461C4601F1140E5B
:106170000020DEF800108BB202FB03434FEA134C01
:10618000090C02FB01CC01309BB203EB0C438542AE
:106190004EF8043B4FEA1C44EBDC3CB1B368AB4225
:1061A00007DD06EB850301355C6135613046BDE8EE
:1061B000F081716838460131FFF7A2FF8046A8B12F
:1061C0003269023206F10C0192000C30FAF7BEFD82
:1061D0007B6C726853F82210316043F822604646A7
:1061E00006EB850301355C613561DFE7024B03484F
:1061F0004246BA2100F0B8FD04A3000018A3000035
:10620000020C12040346CAB90304102013F07F4F96
:1062100004BF1B02083013F0704F04BF1B01043091
:1062200013F0404F04BF9B000230002B05DB13F03E
:10623000804F00F1010008BF202070470020E5E7F3
:10624000036813F00702014607D0DA071FD4980746
:1062500021D55B080B600120704798B2A0B11046B1
:10626000DAB20AB908301B0A1A0704BF1B09043046
:106270009A0704BF9B080230DA0703D45B0800F1D9
:10628000010006D00B6070471B0C1020E8E70020CF
:106290007047202070479B080B600220704700BFAA
:1062A00038B5436C04460D464BB15868B0B102682E
:1062B0005A6000220123C0E90435C26038BD2122A2
:1062C000042100F071FD034660640028EDD1094B04
:1062D0000948002240F2451100F046FD1C22012130
:1062E000204600F061FD0028F1D001220223C0E920
:1062F0000123DEE704A3000018A300002DE9F04FFE
:106300000E691569AE4285B08846144605DB2A46FB
:10631000234635460C4616469846A3686168AF1971
:10632000BB42B8BF0131FFF7EBFE0190002800F03F
:106330008780019B03F1140909EB870AD14505D237
:106340004B46002243F8042B9A45FBD808F1140869
:1063500008EB860B04F11403D8451A4603EB8505B8
:106360005FD22B1B153B23F0030304331534A542E6
:1063700038BF0423CDE902A7AC461F46924605E08C
:10638000090C29D1C34509F1040948D958F8041B5F
:106390008DB2002DF4D056464C46002356F8041B0F
:1063A00022681FFA81FE90B2090C05FB0E00120C48
:1063B000034405FB012202EB13429BB243EA024372
:1063C000B44544F8043B4FEA1243E7D849F8073094
:1063D00058F8041C090CD5D0D9F8003050461A469C
:1063E0004C4600260588120C01FB052216449BB280
:1063F00043EA064344F8043B50F8045B22682D0C42
:1064000093B201FB053303EB164384454FEA134671
:10641000E8D8C34549F8073009F10409B6D8DDE9E1
:1064200002A7002F02DC05E0013F03D05AF8043D2B
:10643000002BF9D0019B18461F6105B0BDE8F08F15
:10644000034B0448019A4FF4B17100F08DFC00BF7A
:1064500004A3000018A3000012F003032DE9F0418B
:106460001446064632D10D46A41020D0D6F84080FE
:10647000B8F1000F33D0E3074FF0000707D46410E2
:1064800015D0D8F80000A8B18046E307F7D54246FA
:1064900029463046FFF732FFB5B16968736C641066
:1064A00053F821202A6043F821500546E9D12846B7
:1064B000BDE8F081424641463046FFF71FFFC8F86D
:1064C000000007608046E0E70546D8E7013B0F4A39
:1064D00052F823200023FFF743FE0546C4E70121BD
:1064E0003046FFF70DFE804640B1012340F2712295
:1064F000C0E90432002330640360BCE7044B054864
:10650000424640F2451100F02FFC00BF70A400008D
:1065100004A3000018A300002DE9F0470C469046A4
:106520002669A368496806EB6216751C9D420746FA
:106530004FEA621904DD5B009D4201F10101FADCC2
:106540003846FFF7DDFD8446002851D0B9F1000F31
:1065500000F114000EDD09F105024FEA820E034638
:106560000CEB8202002143F8041B9342FBD1AEF1F5
:1065700014031844216904F1140318F01F0803EBF5
:1065800081012DD0C8F1200986464FF0000A1A6813
:1065900002FA08F242EA0A024EF8042B53F8042BDE
:1065A000994222FA09FAF2D80B1B153B23F0030398
:1065B000043304F11502914238BF0423BAF1000FED
:1065C00018BF2E4640F803A07B6C6268CCF81060C0
:1065D00053F822102160604643F82240BDE8F0875E
:1065E000043853F8042B40F8042F9942F9D8EBE70C
:1065F000034B044862464FF4EF7100F0B5FB00BF57
:1066000004A3000018A300000B6984460069C01AA7
:1066100015D10CF1140C14310CEB830210B401EB06
:10662000830301E0944508D252F8044D53F8041D49
:106630008C42F7D004D24FF0FF3010BC7047704747
:10664000012010BC704700BF2DE9F84F0F69136996
:10665000FF1A002F0E4690467FD101F11405143227
:1066600002EB830205EB830301E09D4278D253F8ED
:10667000041D52F8044DA142F7D069D37168FFF7A9
:106680003FFD8146002877D03569D8F81020C760D3
:1066900008F1140E06F1140009F1140A06F11001B4
:1066A0000EEB820200EB850756464FF0000C5EF8B9
:1066B000044B51F804BFA3B21CFA8BFCACEB0303F0
:1066C0004FEA144CCCEB1B4C0CEB234C9BB243EA33
:1066D0000C43724546F8043B4FEA2C4CE7D8A2EB3A
:1066E0000801153908F11508424521F0030404F1A9
:1066F000040438BF0424204421F0030238BF0022E0
:1067000087425244544418D92646014651F8043B66
:106710001CFA83FC4FEA2C4202EB13421FFA8CFC5A
:106720004CEA02438F4246F8043B4FEA224CEDD834
:10673000013F3F1A27F00307E21923B952F8043D3D
:10674000013D002BFAD0C9F810504846BDE8F88F3B
:10675000334601274646984690E7F9DB00278DE748
:106760000021FFF7CDFC814668B101220023C9E971
:1067700004234846BDE8F88F064B07484A4640F2D6
:10678000452100F0F1FA034B03484A4640F2372115
:1067900000F0EAFA04A3000018A3000070B501217C
:1067A00082B016461D46FFF7ABFC044600284AD0CF
:1067B0002B46C5F30A55C3F313030DB143F48013FD
:1067C000002E019314D101A8FFF73AFD019B6361EC
:1067D00001212030216115B3069BA5F23345054404
:1067E0001D60079BC0F135001860204602B070BDE7
:1067F00068460096FFF724FD08B3019B0099C0F19D
:10680000200203FA02F20A43C34001936261002BA3
:1068100014BF02210121A3612161002DDCD104EB11
:106820008102A0F232431069069A1360FFF7E8FC78
:10683000079BC0EB41101860204602B070BDDDE937
:1068400000236261E3E7034B0348224640F20F3125
:1068500000F08AFA04A3000018A3000070B5002914
:106860004BD006460C4610B1436B002B48D0636EEC
:10687000D80734D5B4F90C30002B3ED02146304631
:1068800000F050F8E36A054633B1E16930469847B5
:106890000028B8BF4FF0FF35A3891A063CD4216BFE
:1068A00041B104F14003994202D03046FDF73AFD70
:1068B00000232363616C21B13046FDF733FD0023D3
:1068C0006364FDF717F9636E0022DB07A2811FD511
:1068D000A06DFDF70DFCFDF713F9284670BDA389E7
:1068E0009905CBD4A06DFDF705FCB4F90C30002B55
:1068F000C4D1656E15F0010505D00025284670BD90
:10690000FDF7DAF8B3E7A06DFDF7F6FB284670BD9A
:10691000A06DFDF7F1FBDBE721693046FDF702FDD5
:10692000BDE700BFB1F90C20F8B50C4611070746CA
:1069300042D4636842F40062002BA28159DDA56A4B
:10694000002D54D000233E683B6093B212F4805275
:1069500053D1E16901233846A847421C63D0A3897B
:10696000A56A5B0705D56368C01A236B0BB1E36B9F
:10697000C01AE169024600233846A847411C3ED1AF
:106980003B68002B3BD01D2B01D0162B52D1A38985
:106990002269226023F4006300216160A381216BDE
:1069A0003E6021B304F14003994202D03846FDF71E
:1069B000B9FC00202063F8BD2669C6B193B22568F2
:1069C00026609A070CBF63690023AD1BA3600CE02F
:1069D000D4F824C0E1692B4632463846E047B0F18E
:1069E000000CA5EB0C05664416DD002DF0DC002044
:1069F000F8BDE36B002BA2DCF9E7206DB1E7B4F939
:106A00000C302269226023F40063A3810022DB049E
:106A10006260C4D52065C2E7A38943F040034FF00C
:106A2000FF30A381F8BD3B68002B98D01D2B06D00A
:106A3000162B04D0A38943F04003A381F8BD3E6028
:106A4000D5E700BF38B50C46054608B1436B03B324
:106A5000B4F90C0088B1636EDB0701D481050FD552
:106A600028462146FFF75EFF636EDA07054602D42B
:106A7000A3899B0508D5284638BD0546284638BD5C
:106A8000A06DFDF737FBEBE7A06DFDF735FB284662
:106A900038BDFDF711F8DBE710B50C46B1F90E1063
:106AA00000F07AF8002803DB236D0344236510BD52
:106AB000A38923F48053A38110BD00BF2DE9F041C9
:106AC0000C46B1F90C101F46CB05054616460BD4F3
:106AD00021F48051A1813B46B4F90E10324628467C
:106AE000BDE8F041FDF764BAB4F90E1002230022AC
:106AF00000F03CF8B4F90C10EAE700BF10B50C4602
:106B0000B1F90E1000F032F8A389421C0EBF23F435
:106B1000805343F480532065A38110BDB1F90E105A
:106B200000F012B849B1FF2A02D80A70012070475C
:106B30008A2303604FF0FF3070470846704700BF5C
:106B400000487047EC8DFF1F38B5074D0022044602
:106B500008462A60FAF714FA431C00D038BD2B68A7
:106B6000002BFBD0236038BD3094FF1F38B50C4696
:106B7000084D8446114620461A4600232B60644681
:106B8000FAF70AFA431C00D038BD2B68002BFBD063
:106B9000236038BD3094FF1F38B50C46084D84463D
:106BA000114620461A4600232B606446FAF7E6F9A0
:106BB000431C00D038BD2B68002BFBD0236038BDB0
:106BC0003094FF1F38B5074D074C2C1BA41005D07F
:106BD000013C55F8043D9847002CF9D1BDE83840F8
:106BE00003F0C0BC0000000000000000FFFFFFFF3A
:106BF00001F0FF01102A2BDB10F0070F08D010F86E
:106C0000013B013A8B422DD010F0070F42B3F6D171
:106C1000F0B441EA012141EA014122F007047FF08A
:106C200000070023F0E80256083C85EA010586EAE1
:106C3000010685FA47F5A3FA87F586FA47F6A5FA1D
:106C400087F68EB9EED1F0BC01F0FF0102F0070229
:106C500032B110F8013B013A83EA010313B1F8D1D4
:106C60000020704701387047002D06BF35460338B5
:106C7000073815F0010F07D1013015F4807F02BFEE
:106C8000013015F4C03F0130F0BC0138704700BF3F
:106C900070B5054684B05BB11C4669B10E4B284601
:106CA000D3F8E0602346B047431C0FD004B070BD5A
:106CB00000F582740029F1D1074A2346D2F8E0603A
:106CC00028460A4601A9B047431CEFD100228A2377
:106CD00022602B6004B070BDFC8CFF1F00B583B038
:106CE000DDF810C0CDE9003C4FF0FF3302F03AFC74
:106CF00003B05DF804FB00BFDFF860C0F8B521F019
:106D000000430027634504460D461646176022DC03
:106D1000844653EA0C0C1ED0DFF844C001EA0C0C88
:106D20000A46BCF1000F09D10E4B002202F018FDFB
:106D30006FF0350704460A4621F0004322F0FF4277
:106D40001B1522F4E002A3F2FE3342F07F553B44D0
:106D500045F40015336020462946F8BDFFFFEF7F5C
:106D60000000F07F0000504300B50B4C256814462E
:106D7000EE681A4685B003460D464CB107490095AA
:106D8000CDE901143046064901F03AF8FAF712F954
:106D900004490C46F3E700BF888FFF1F7CA4000066
:106DA0008CA4000088A4000038B5A1FB02148CBBA1
:106DB000FCF78CF80546E0B150F8042C22F00302F1
:106DC000043A242A17D8132A1AD91B2AC0E90044E6
:106DD0001DD9242A14BF00F1100200F118024FF04F
:106DE0000003C0E9024404BF04614461C2E9003306
:106DF0009360284638BD2146FCF75AFF284638BD27
:106E000002460023C2E900339360284638BD00F1F2
:106E10000802F6E7FDF7E2F80C2300250360E8E737
:106E20002DE9F04F03690C69A34283B0C0F288805A
:106E3000013C01F11405A30000F11408009355F87A
:106E4000243058F8242001338A469A4208EB840102
:106E5000814605EB84070191B2FBF3F63AD34FF07C
:106E6000000CAE464046624663465EF804BB0168CD
:106E70001FFA8BFC06FB0C334FEA134C4FEA1B4BFB
:106E800006FB0BCC9BB2D31A1FFA8CF213FA81F3D8
:106E9000C2EB114202EB23429BB243EA0243774525
:106EA00040F8043B4FEA22424FEA1C43DDD2009BEC
:106EB00058F8033073B9019B043B984504D307E0AD
:106EC000984504F1FF3403D253F80429002AF7D07F
:106ED000C9F8104051464846FFF796FB00282BDBC7
:106EE00001364146002355F8040BD1F800C082B2A8
:106EF0009A1A030C12FA8CF2C3EB1C4303EB2243E5
:106F000092B242EA0342AF4241F8042B4FEA2343D4
:106F1000E9D258F8242008EB84036AB9043B984569
:106F200004D307E0984504F1FF3403D253F8042951
:106F3000002AF7D0C9F81040304603B0BDE8F08F02
:106F4000002003B0BDE8F08F2DE9F04F816B99B0C0
:106F500090469946CDE90489259D044641B1C26B0E
:106F60004A60012393408B60FFF7F0F80023A3638E
:106F7000B9F1000AB4BF012300232B60764BBCBFDC
:106F80002AF0004ACDF814A033EA0A0300F0AB80DF
:106F9000DDE904231046194600220023CDE90A0149
:106FA000FBF744FC074678B1249A01231360269B23
:106FB000002B00F0AE83694B269A1360013B0393CC
:106FC000039819B0BDE8F08F16AB019317AB00938F
:106FD0002046DDE90A23FFF7E1FB5FEA1A56054682
:106FE00040F09780DDE916763E4406F23243202BCE
:106FF00040F3A683C3F140030AFA03FA06F21243F0
:1070000028FA03F04AEA0000FBF740FB0123013EA7
:10701000A1F1F8710F93524B0022FBF7F9F948A345
:10702000D3E9002302F09CFB47A3D3E90023FBF73D
:10703000F1F9804630468946FBF738FB44A3D3E993
:10704000002302F08DFB02460B4640464946FBF703
:10705000E1F98046894602F095FD0022834600232F
:1070600040464946FBF7ECFB002840F04583BBF166
:10707000160F00F234833B4B03EBCB03D3E9002321
:10708000DDE90A01FBF7DCFB002871D00023BF1B00
:107090000E937B1E0BF1FF3B069300F12783002329
:1070A0000993BBF1000F6ADA099BCDF81CB0A3EB82
:1070B0000B030993CBF100030D93229B092B4FF097
:1070C000000B65D8052B40F33983043B229300263F
:1070D000229B023B032B00F26786DFE813F04E048D
:1070E0004B0442042504249ACAF3130A42F20F7394
:1070F0005AEA080A13601AD1269B002B00F0638617
:10710000194B03930833269A0398136019B0BDE80E
:10711000F08FDDE90A12C2F31303084643F07F51F2
:107120000F97A6F2FF36169F41F4401173E7269B96
:10713000002B40F0DB830D4B039341E7AFF300805E
:1071400061436F63A787D23FB3C8608B288AC63F6D
:10715000FB799F501344D33F0000F07FE1A2000071
:107160000000F83FA8A30000BCA40000C8A40000D1
:10717000BF1B7B1E069300F17E840E900990069B38
:107180005B44CDE9063B00230D93229B092B99D943
:107190000023CDE9223301264FF0FF330C960893EC
:1071A000089B12930021E1632046FEF7A9FF03909C
:1071B000002800F00186039BA363089B0E2B00F2BE
:1071C0001381002E00F010810799002940F35584A7
:1071D000AE4B01F00F0203EBC2034FEA2118C905C1
:1071E000D3E9006740F11184A94BDDE90A01D3E935
:1071F000082302F0DFFBCDE9100108F00F084FF083
:10720000030AB8F1000F13D0DFF8849218F0010FD1
:1072100009D030463946D9E9002302F0A1FA0AF133
:10722000010A06460F465FEA680809F10809EDD130
:10723000DDE9100132463B4602F0BCFB8046894640
:107240000E9B43B1934B002240464946FBF7F8FAA8
:10725000002840F02A855046FBF728FA42464B4664
:1072600002F07EFA8C4B0022FBF7D4F8A1F15073A8
:10727000CDE910011193089B002B00F09980079B2A
:107280001493089B13930C9B002B00F0A584139A76
:107290007E4B8249039E03EBC20353E90223002085
:1072A00002F088FBDDE91023FBF7B2F8CDE910010D
:1072B0004946404602F066FC0746FBF7F7F90246EE
:1072C0000B4640464946FBF7A3F8303780468946CF
:1072D00002460B4606F8017BDDE91001FBF7CEFA0A
:1072E000002840F02785CDF854B00027DDE910AB29
:1072F0001095139D13942AE00137AF4280F22A853E
:10730000674B50465946002202F02AFA644B00228D
:1073100082468B464046494602F022FA894680461C
:1073200002F030FC0446FBF7C1F902460B4640462A
:107330004946FBF76DF8303406F8014B52465B4680
:1073400080468946FBF77CFA002840F0F1844246EB
:107350004B4650490020FBF75BF852465B46FBF773
:107360006FFA0028C8D0DDE91343109D039A0793F4
:1073700002E0B24200F0C684B14616F8013D392B56
:10738000F7D00133DBB23370079B0133079392E1EF
:107390005046FBF78BF942464B4602F0E1F93E4B73
:1073A0000022FBF737F8A1F15073CDE910011193DA
:1073B0003C4B404649460022FBF72AF8DDE910899C
:1073C00042464B4606460F46FBF758FA82460028CF
:1073D00040F0A884424609F1004330463946FBF7A5
:1073E0002FFA002840F04583179B002BC0F28C80B9
:1073F000079A0E2A00F38880244B03EBC203D3E9DB
:1074000000AB239B002B1BDA089B002B18DC40F001
:107410002E83244B50460022594602F0A1F9024621
:107420000B46DDE90A01FBF715FADDF820A0564608
:10743000002800F0B982239BDDF80C80DF43BBE21B
:10744000DDE90A7852465B463846414602F0B2FA18
:1074500002F098FB81460990FBF728F952465B46FB
:1074600002F07EF9039E0B46024641463846FAF783
:10747000CFFF09F1300306F8013B089B012B00F018
:107480005C830694012704951C462AE0A8A300000B
:1074900080A300000000F03F00001C400000E03F1F
:1074A000000024400000144052465B4640464946D6
:1074B00002F080FA02F066FB0546FBF7F7F8524649
:1074C0005B4602F04DF901370B46024649464046FD
:1074D000FAF79EFF05F13003A74206F8013B00F0E2
:1074E0002983A54B002202F03BF9002200238046AD
:1074F0008946FBF79BF90028D6D0049D069C079B84
:1075000001330793B146D6E00C9A002A00F00781B8
:10751000229A012A40F39482089B03F1FF380D9BC5
:10752000434580F25E820D9BCDF83480A8EB0303C7
:107530009B444FF00008089B002BC0F22F83069A53
:107540001A440692099A17461A44099201212046C4
:10755000FEF7A6FE064667B1069900290B4608DD30
:10756000099AB942A8BF3B46D21AFF1ACB1A099210
:1075700006930D9B63B10C9B002B00F0B682B8F113
:10758000000F00F331820D9BB3EB080240F016832D
:1075900001212046FEF784FEBBF1000F824600F376
:1075A000D480229B012B40F3A7814FF000090120DA
:1075B000BBF1000F40F0D580069B184410F01F006F
:1075C00000F09881C0F12003042B00F3AD8040F05F
:1075D0002482099B002B05DD29461A462046FEF72A
:1075E0009BFF0546069B002B05DD51461A462046AB
:1075F000FEF792FF82460E9B002B40F05C81089BB9
:10760000002B40F343810C9B002B40F0C680079B6E
:1076100001330793DDF80C80DDF82090012707E0A7
:10762000294600230A222046FEF79AFD0137054627
:1076300051462846FFF7F4FBB94500F1300308F83E
:10764000013BEDDC089A002AC8BF9346039AD8BFD5
:107650004FF0010B93440027294601222046049352
:10766000FEF75AFF51460546FEF7CEFF002840F3CD
:10767000DC811BF8013C039A0BF1FF3B04E05A4507
:1076800000F0EE811BF8013D392B0BF10109F6D01A
:1076900001338BF8003051462046FEF757FD56B1B6
:1076A0002FB1B74203D039462046FEF74FFD314691
:1076B0002046FEF74BFD29462046FEF747FD0023F6
:1076C00089F80030249B079A1A60269B002B3FF410
:1076D00077AC0398C3F8009019B0BDE8F08F012390
:1076E000BF1B0E937B1E06937FF5D9ACC7F1010338
:1076F000099300230693D4E45846FAF7D7FF42468D
:107700004B46FBF793F800287FF4B1AC0BF1FF3B3D
:10771000ADE41A4B0393039819B0BDE8F08FDDF880
:107720003480099F0C9E16E7C0F11C00099B03449E
:107730000993069B0344074406934AE70126C7E4DE
:10774000C3F1200308FA03F05EE401465A462046DE
:10775000FEF782FE229B012B824640F3BA814FF056
:107760000009DAF810300AEB83031869FEF748FDC8
:10777000C0F1200020E700BF00002440E0A200008C
:10778000314600230A222046FEF7EAFC129B002B1A
:10779000064640F3F382CDE90783002F00F31A81F8
:1077A000B9F1000F40F0E381B046049B039F0899B4
:1077B00003F001027B1E1944229B0C921343099192
:1077C0000A9351462846FFF72BFB3146834628464D
:1077D000FEF71AFF4246514681462046FEF734FF27
:1077E000C26801460BF13003002A42D106902846B8
:1077F0000893FEF709FF069904902046FEF7A6FCC1
:10780000049A089B1AB90A99002900F0A982B9F1D3
:10781000000FC0F27181229949EA01090C9951EADD
:10782000090900F06981002A00F3BC81099A3B70C4
:1078300007F101099742CB4600F0BA81294600239F
:107840000A222046FEF78CFC4645054631464FF09D
:1078500000034FF00A02204612D0FEF781FC414699
:10786000064600230A222046FEF77AFC4F46804651
:10787000A7E720460493FEF769FC049B0122C6E7B4
:10788000FEF76EFC4F46064680469AE7229B022B87
:1078900079DC0C9B002B80D1079B51460133284695
:1078A0000793FFF7BDFADDF80CB000F130030BF8D9
:1078B000013B0027D0E651462846FEF7A5FE0028EA
:1078C000BFF69DAE294600230A222046FEF748FC5B
:1078D000079B03F1FF380C9B0546002B7FF450AF4C
:1078E000129B002B40F34382089393E6B64B03931D
:1078F000033308E41C2019E7DDE9041200297FF4B2
:1079000054AEC2F31303002B7FF44FAEAF4B1340C2
:10791000002B00F00B82099B01330993069B013376
:1079200006934FF0010942E601230C93239B079A2B
:10793000134412930133012B1F460893B8BF01274C
:107940000021172FE1637FF72FAC012204235B0096
:1079500003F11400B842114602F10102F7D9E163C4
:1079600022E401230C93239B002B59DD12930893EF
:107970001F46E5E700230C93D8E700230C93F2E7BA
:10798000129BCDE90783089B002B7FF454AD514631
:1079900005222046FEF7E4FB014682462846FEF714
:1079A00033FE00287FF747AD039B079F312298469F
:1079B00003F8012B0137039351462046FEF7C6FB1F
:1079C0007B1CDDF80C900793CDF80C80002E7FF423
:1079D0006EAE70E631463A462046FEF79DFD0646FD
:1079E000DEE6A3EB0808A6E5314642462046FEF750
:1079F00033FD2A46014606462046FEF77FFC29460F
:107A000005462046FEF7A2FBBDE5DDE90A234FF05F
:107A1000020ACDE91023FFF7F4BBC0F13C0085E674
:107A2000012323930893FFF7BBBB03D1049BDB0720
:107A30003FF51FAED9461BF8013D302BFAD02AE6A0
:107A40000F9A002A00F02D8103F23343069ADDF8E5
:107A500034801A440692099A17461A44099275E529
:107A6000079B039A013307933123137013E64FF0FA
:107A7000000A5646DFE40E9038E600F03D81079A92
:107A8000534B564206F00F0203EBC203D3E9002327
:107A9000DDE90A0101F064FE36118046894600F0F6
:107AA00078814C4F00234FF0020AF20706D5D7E940
:107AB000002301F055FE0AF1010A0123761007F1B7
:107AC0000807F2D1002B3FF4BBAB80468946FFF795
:107AD000B7BB049B002B7FF442AEDDE90412C2F376
:107AE0001303002B3FF412AF39E629460D9A2046C6
:107AF000FEF7B2FC05464BE5002A12DD29460122BD
:107B000020460493FEF708FD51460546FEF77CFD2E
:107B10000028049B40F31881392B00F0F9800BF109
:107B20003103B94609F8013B079B013337460793F8
:107B30004646B0E50995069C049D02460B46FAF7B9
:107B400069FC52465B4680468946FAF797FE60B963
:107B500052465B4640464946FAF768FE00283FF425
:107B6000CEAC099BD9077FF5CAAC039A04E47168CF
:107B70002046FEF7C5FA0746002800F00E8133695B
:107B800002339A0006F10C010C30F9F7DFF83946A0
:107B900001222046FEF7C0FC804606E6DDE9082308
:107BA0009F1AD3E4392B00F0B380B9460133B9E70B
:107BB000079A01323746079246464DE52946204648
:107BC000FEF74AFC0546E3E4C8A400000000F07F8D
:107BD000A8A3000080A30000DDF84CA0814901EBC0
:107BE000CA01DDE9102351E9020101F0B9FDCDE937
:107BF00010014946404601F0C5FF0646FAF756FD1A
:107C00000B46024649464046FAF702FC039F53469C
:107C10003036012B07F8016B8046894600F0B780AB
:107C2000139E039B1E44704B00224046494601F0C0
:107C300097FD8946804601F0A5FF8246FAF736FD9A
:107C40000AF1300A02460B4640464946FAF7E0FB85
:107C500007F801ABBE4280468946E4D1634B00225F
:107C6000DDE91001FAF7D6FB42464B46FAF7E8FD8C
:107C7000002864D1DDE910235C490020FAF7C8FB35
:107C800042464B46FAF7FAFD00283FF4ADABB14649
:107C9000013E19F8013C302BF9D0149B01330793B6
:107CA00009E5169BC3F13603D0E6089B002B3FF491
:107CB0006FAB129B002B7FF797AB079A013ACDE988
:107CC00013324046484B0022494601F049FD8046A8
:107CD00089460AF10100FAF7E9FC42464B4601F0F9
:107CE0003FFD434B0022FAF795FBA1F15073CDE91C
:107CF00010011193FFF7C7BADDE90A894FF0020AB4
:107D0000FFF79EBA079B013307933123FFF73BBB75
:107D1000079BBB4601330793392337460BF8013BDA
:107D20004646A8E44FF0000A56463DE699463EE432
:107D3000109D139C149B01330793B146BBE4149B25
:107D4000039A0793FFF718BB7FF4EBAEDA077FF5D2
:107D5000E8AEE1E6DDF854B0109D139CFFF744BB9C
:107D6000392BD5D0B9F1000F3FF7D9AED9E6229B18
:107D7000022B3FF705AECDF81C808DE5229B022B30
:107D80003FF7FEAD129BCDF81C80089305E53E46FB
:107D900064E74FF0020AFFF753BA164B16483A460B
:107DA00040F2EF21FEF7E0FF0026E6633146204671
:107DB000FEF7A6F9039050B90E4B0F48002240F28F
:107DC000AF11FEF7D1FF0D4B0393FFF7F9B8039BFB
:107DD000A3634FF0FF3312930893012323960C9370
:107DE000FFF702BBA8A30000000024400000E03F12
:107DF00000001C4004A30000CCA40000BCA40000B0
:107E00000EB410B583B005AB064C53F8042B0193A8
:107E10000146206800F0C4F803B0BDE8104003B08C
:107E2000704700BF888FFF1F2DE9F04F93681768D8
:107E300083B09246002B70D081468A6808680C4651
:107E4000083743E0A38913F4906F2ED0D4E90416C9
:107E5000A0EB010806EB460606EBD67608F101001A
:107E600076102844B042324684BF064632465B054F
:107E700037D511464846FBF729F8019000283AD03B
:107E800042462169F8F762FFA289019B22F49062C1
:107E900042F08002A281A6EB080203EB08006661B3
:107EA000A260236120602E46A84642465946FBF751
:107EB00083FEDAF80830A2682068921B40445B1BFE
:107EC000A2602060CAF808303BB3083757E902B512
:107ED000002DFAD0AA4216469046B3D92E46A8469F
:107EE000E3E74846FBF7BAFA03460028D3D12169F5
:107EF0004846FCF717FAA3890C2243F04003C9F85F
:107F000000204FF0FF30A38100220023CAF8082090
:107F1000CAF8043003B0BDE8F08F00200023CAF88F
:107F2000043003B0BDE8F08F2DE9F84F4B6E9C0490
:107F300090462DD59368126843B38B46064602F1EE
:107F4000080959E9025A5FEA9A0715D0043D00244E
:107F500001E0A7420ED055F8041F5A46304601F002
:107F600051FA431C04F10104F3D10023C8E90133A1
:107F7000BDE8F88FD8F808302AF0030AA3EB0A030B
:107F8000C8F8083009F10809002BDAD10020ECE725
:107F900001F008F80023C8E90133BDE8F88F00BFFD
:107FA0002DE9F04FC5B00DF1500A834603911646F6
:107FB0000021082250461C460793FBF779FEBBF1CF
:107FC000000F04D0DBF83430002B00F0A186039AB8
:107FD000536EDB0740F11C85B2F90C108AB2950490
:107FE00009D4039B41F4005199818AB219465B6E12
:107FF00023F400534B66100740F10481039B1B6977
:10800000002B00F0FF8002F01A030A2B00F0088119
:108010000023CDE91933CDE90D331BAA0B93189238
:1080200091460C930593B0464446A64BD3F8E450D2
:10803000FBF7A0FF2246034612A9CDF800A0584640
:10804000A847002800F04081C0F23381129A252A07
:10805000034601D01C44E8E7B4EB0806054640F0AF
:108060003781002361788DF8433004F101080693CD
:108070004FF0FF371E462B2408F10108A1F1200321
:108080005A2B00F26581DFE813F09F026301630160
:108090009A026301630163016A006301630167027D
:1080A000770263017202810263017C025B005B0064
:1080B0005B005B005B005B005B005B005B006301DF
:1080C0006301630163016301630163016301630190
:1080D000460284006301630163016301630163017C
:1080E0006301630163016301E200630163016301F2
:1080F0001D026301C402630163019405630163010E
:10810000630163016301630163016301630163014F
:1081100046028600630163016301B70286007F00A7
:108120006301AA026301E702E400D7027F00630152
:108130001D027C00720563016301740563017C000C
:10814000A1F13003002218F8011B02EB820203EBBD
:108150004202A1F13003092BF5D906928EE7584669
:10816000FEF7EEFC43680D931846FBF7C9FF0E902F
:1081700005465846FEF7E4FC83680C93002D40F05A
:10818000DF8498F8001077E798F8001046F0200692
:1081900072E746F01006B40640F17881079B07337A
:1081A00023F007031A46596852F8083B07920A461B
:1081B0000029C0F27A84791C00F0A78526F080019E
:1081C000029153EA020100F048840A2B72F1000187
:1081D00080F0498530338DF80F31029E01230493DE
:1081E0000DF20F14049BBB42B8BF3B460293002321
:1081F00008939DF84330002B00F0B880029B0133B8
:108200000293B3E0039D5846294601F03FF8002849
:1082100040F05686AA8902F01A030A2B7FF4F8AEC2
:108220000399B1F90E30002BFFF6F2AE4B6EDB076F
:1082300002D4970540F118860399234632465846E2
:1082400000F070FE0590059845B0BDE8F08F46F04F
:10825000100616F0200200F02681079B073323F05A
:10826000070319465A6851F8083B079126F48061C4
:108270000291002100208DF84300781C00F000825C
:10828000029820F0800653EA020040F0F881002FA7
:1082900040F04385002940F0E483029B13F0010382
:1082A000049300F0208430238DF80F310DF20F1469
:1082B00098E7082200215046FBF7FAFC01231C44F2
:1082C000B3E600BFFC8CFF1FB4EB080605461AD0CE
:1082D000199B1A9A01333244072BC9E900861A9276
:1082E00019931ADD002A00F0B483039918AA58469E
:1082F000FFF71AFED8B90DF16C09059B33440593BD
:10830000002D7FF4AEAE1A9B002B40F0CA85039B74
:108310000022B3F90C3019920CE009F10809ECE7DE
:10832000B346089B1BB108995846FBF7FBFF039B1C
:10833000B3F90C30039A526E12F0010F9AB200F0AA
:108340009C80500600F1C885059845B0BDE8F08FC7
:108350000029D8D000238DF8433001238DF8AC10CC
:10836000029304932BAC002308931F4616F00203DC
:10837000099302D0029B0233029316F084030A93FE
:1083800005D1069B029A9D1A002D00F39482DDE927
:108390001903411C9DF8432082B101220133C9F821
:1083A000042007290DF14302CDE91913C9F8002073
:1083B00000F36482084609F108090131099ADAB12B
:1083C00011AA0233C9F8002007294FF00202CDE9B3
:1083D0001913C9F8042040F36982002B00F0588378
:1083E000039918AA5846FFF79FFD002899D1DDE9A7
:1083F00019030DF16C09411C0A9A802A00F0828150
:10840000049ABD1A002D00F3E081049AC9F80040D7
:1084100013440729CDE91913C9F8042040F36C81EE
:10842000002B00F09E82039918AA5846FFF77CFDA6
:1084300000287FF476AF1A9B0DF16C09750705D5FE
:10844000069A0299541A002C00F39582DDE9052161
:1084500002988142ACBF521812180592002B40F0CE
:10846000FE81089900231993002900F0488158469D
:10847000FBF758FF0DF16C09D6E59C053FF561AFA0
:10848000039CA06DFBF738FEA2895AE7F006079A15
:1084900000F13E83710640F1388332F9043B0792C4
:1084A000DA17114684E616F01003079940F0288386
:1084B00016F0400000F020831A4651F8043B079163
:1084C0009BB2D3E6079B1A4600238DF84330134630
:1084D00053F8044B0293002C00F02D84532900F034
:1084E0008A8316F0100540F086837B1C00F0CC8454
:1084F0003A4629462046FEF77BFB0890002800F00C
:10850000B884031B029A049323EAE3732F4607926D
:10851000029308956DE6432902D0F50640F1528397
:10852000079D0822002116A82BACFBF7C1FB16AB58
:1085300055F8042B21465846FEF7AAFB03460133A3
:10854000049000F0CE84049B079523EAE373029322
:1085500000238DF8433006E7079B53F8042B06925F
:10856000002A80F2BB82069A5242CDE9062398F88F
:10857000001046F004067FE598F800108DF843409F
:108580007AE598F8001046F0800675E5424612F844
:10859000011B2A2900F0B084A1F13003092B904679
:1085A0004FF000073FF66AAD18F8011B07EB87078D
:1085B00003EB4707A1F13003092BF5D95EE598F8E5
:1085C000001046F0010657E59DF84330002B7FF47C
:1085D000D8AD202398F800108DF843304CE598F87A
:1085E00000106C2903BF98F8011046F0200608F12E
:1085F000010846F010063FE598F80010682903BF0F
:1086000098F8011046F4007608F1010846F040069B
:1086100032E546F010030293029B13F0200200F0B3
:108620002582079B073323F0070319465A6851F840
:10863000083B079101211DE6079A46F002030293C9
:1086400052F8043B079247F63002ADF84420A14AA5
:108650000B92022100220DE6B70600F16782F506B3
:1086600000F16183740600F1EE83B00540F15B8395
:10867000079B059953F8042B07931170D4E40296D5
:1086800001293FF4A2AD022944AC11D10B9803F0AB
:108690000F011B09415C04F8011D43EA0273120932
:1086A00053EA0201F3D1029E44AB1B1B049399E5EC
:1086B00003F00701DB0843EA4273D208303153EA82
:1086C0000205204604F8011DF2D1029EF307EBD506
:1086D0003029E8D03023023804F8013C44AB1B1A9F
:1086E000029E049304467DE5049B1B9401221C9387
:1086F0001A9319920DF16C0909F108099EE60DF122
:108700006C0991E4069A029D551B002D7FF778AE07
:10871000102D40F3D383194643460994B846039C71
:1087200037465E469B4607E000F1020C09F1080956
:108730001046103D102D1FDD674BC9F80030421C5C
:1087400010311023072ACDE91921C9F80430EBDDD7
:1087500018AA002900F08C80214630460DF16C09E2
:10876000FFF7E2FB00287FF4DBADDDE91901103DE6
:10877000102D00F1010CDFDC5A46099CB3460B4674
:108780003E4647469046544AC9F804502B44BCF133
:10879000070FCDE919C3C9F8002040F3A781002BCA
:1087A00000F02C83039918AA5846FFF7BDFB002858
:1087B0007FF4B7AD049ADDE91903BD1A002D00F16D
:1087C00001010DF16C097FF720AE102D32DD194645
:1087D00043460994B046039C5E4610279B4607E03B
:1087E00000F1020C09F108091046103D102D1ADDA8
:1087F000421C394B1031072AC9E90037CDE919214C
:10880000EEDD18AA29B3214630460DF16C09FFF7B9
:108810008BFB00287FF484ADDDE91901103D102D9C
:1088200000F1010CE4DC5A46099C0B46B346614654
:1088300046469046284AC9F804502B440729CDE9FA
:108840001913C9F8002000F3F38009F10809013178
:10885000DBE54FF0010C08460DF16C09C5E7039903
:1088600018AA5846FFF760FB00283FF4FAAD58E518
:108870004FF0010C08460DF16C095AE7002B00F08F
:108880000C81039918AA5846FFF74EFB00287FF485
:1088900048ADDDE919030DF16C09411C8EE5022399
:1088A00011AA1C931B9201210DF16C09084609F1D4
:1088B0000809411CA0E5102D40F3E282DDE91913FF
:1088C000184643460F94B846039C37465E469B467F
:1088D0000CE000BFB0A2000040A5000001F1020CB6
:1088E00009F108091146103D102D1DDDB24BC9F8E4
:1088F00000304A1C10301023072ACDE91920C9F88E
:108900000430EBDD18AA30B3214630460DF16C0976
:10891000FFF70AFB00287FF403ADDDE91910103DD5
:10892000102D01F1010CE1DC5A460F9C0346B346C1
:1089300060463E46474690469F4AC9F804502B443D
:108940000728CDE91903C9F8002000F3B68009F122
:108950000809411C1EE501464FF0010C0DF16C09A0
:10896000C1E7760719934AD5069A0299541A002C42
:1089700045DD0DF16C09102C40F39D821999039E81
:10898000102506E0881C09F108091146103C102C3E
:108990001ADD4A1C88481033072AC9E90005CDE9C9
:1089A0001923EFDD18AA2BB331465846FFF7BCFA5E
:1089B00000287FF4B6ACDDE91913103C102C01F14E
:1089C00001000DF16C09E4DC7B4AC9F80440234442
:1089D0000728CDE91903C9F800207FF737AD73B137
:1089E000039918AA5846FFF79FFA00287FF499AC1C
:1089F0001A9B2BE5012019460DF16C09C6E7DDE94C
:108A0000053202998A42ACBF9B185B18059328E592
:108A1000039BB3F90C108F058AB23FF5E0AA1D46FF
:108A2000986DFBF767FBB5F90C108AB2FFF7D7BA60
:108A3000002B3FF459AE039918AA5846FFF774FA71
:108A400000287FF46EAC19991A9B01310DF16C0965
:108A5000DBE419920DF16C094FE4002F7FF4BAABFF
:108A6000029E0027049744ACFFF7BCBB029B13F0A7
:108A7000100354D1029A12F0400000F06781079968
:108A80001A4651F8043B07919BB20121FFF7F2BB54
:108A9000012118460DF16C09AEE4099A002A5ED155
:108AA000184601210DF16C09A6E45B4262EB42021B
:108AB00002962D200121FFF7DEBB002B00F08D80F8
:108AC000039918AA5846FFF72FFA00287FF429AC1B
:108AD000DDE919030DF16C09411C5BE498F8001005
:108AE0000793FFF7C9BA44ACFFF77CBB09F108094B
:108AF0000CF10101604683E416F4007240F09181AC
:108B000051F8043B0791FFF7B1BBB30500F1828137
:108B100052F8043B0792DA171146FFF749BB079951
:108B200051F8043B07910121FFF7A4BB079B05986F
:108B300053F8041B0793C217C1E90002FFF774BA88
:108B40000C9B002B3FF41DAB0C9B1B78002B3FF4C0
:108B500018AB98F8001046F48066FFF78DBA022330
:108B600011AA1C931B9201200DF16C099FE602963D
:108B700052E5124B0B9316F020025FD0079B073390
:108B800023F0070318465A6850F8083B0790F4078B
:108B900009D553EA020006D08DF84510302146F081
:108BA00002068DF8441026F4806102910221FFF73D
:108BB00061BB034B0B93DEE730A50000B0A20000C1
:108BC000C4A20000079B012153F8042B02918DF8E9
:108BD000AC20079304912BACBAE49DF84320002A03
:108BE00040F02681099A002A7FF459AE18460121E7
:108BF0000DF16C0904E40021082216A81394FBF778
:108C000057F8791C00F0B280002507942C460CE040
:108C10002BA95846FEF73CF8421C204400F0618125
:108C2000B84208DC00F065810446139A525916AB2D
:108C30000435002AECD10494079CA5E016F010033B
:108C400007980CD116F0400405D01A4650F8043BA2
:108C500007909BB29BE716F4007240F0D58050F865
:108C6000043B079093E70299CDF8208001F48066D9
:108C7000DDF8308004974FF0000C44AC05E00A2B7F
:108C800072F1000236D33B462A46DFF890E299188B
:108C900041F10001AEFB010525F0030000EB95005A
:108CA000091A581A4FF0CC3562F1000705FB00F5A0
:108CB0000EFB0755A0FB0E70054407F0010E0520C2
:108CC000AEFB000E40187F08303004F8010C47EA74
:108CD000C5770CF1010C013C6D08002ECFD098F83F
:108CE00000106145CBD1BCF1FF0FC8D00A2B72F147
:108CF00000026CD244AB1B1B049FCDF83080029E57
:108D0000DDF820800493FFF76DBA0296FFF75DBA95
:108D10005846FAF7D1FEFFF75AB9012902967FF4B7
:108D2000B2ACFFF757BA079B059953F8042B1160B3
:108D30000793FFF779B9062F3B46029A784C0792C2
:108D400028BF062304930293FFF70DBB029B0799EC
:108D500013F4007214BF51F8043B51F8043B07911F
:108D60001CBF0246DBB20121FFF784BA16AB0093A9
:108D70000023194613AA5846FDF7B0FF03460133F6
:108D8000049000F0AE801394049B7BB3632B62DCF1
:108D9000002308932BAC0822002116A8FAF788FFBD
:108DA000049D16AB009313AA2B4621465846FDF7A7
:108DB00095FF854240F0AB80029B049A0793002305
:108DC000A3541F4622EAE2730293FFF712BA0E9BE6
:108DD0000D99E41A1A462046FBF768F898F8013016
:108DE0000BB108F101084FF0000C4CE7029B079310
:108DF000049B02931F460893FFF7FBB90121184615
:108E00000DF16C09FFF7FCBA50F8043B07902246BD
:108E1000DBB2BCE612F9043B0792DA171146FFF702
:108E2000C7B951F8043B07910246DBB2FFF71EBAFF
:108E300001231C9301210DF143031B930DF16C09D8
:108E40000B46FFF7B7BA079B059953F8042B079316
:108E50001180FFF7E9B8591C5846FAF737F804466D
:108E600000283ED0089096E7886DFBF745F9FFF79C
:108E7000E3B9029B049702970793089FFFF7B9B9DC
:108E800019981A9B013057E5029B07932046FBF780
:108E900037F920EAE0732F46049002930895FFF714
:108EA000A8B9039918AA5846FFF73EF800283FF4DE
:108EB0002EAAFFF73CBA1998013085E58C4662E48A
:108EC000039B5B6ED90707D4039B9B899A0503D448
:108ED000039B986DFBF710F94FF0FF330593FFF7F5
:108EE00033BA039AB2F90C3043F040039381FFF791
:108EF00021BA079C049747E7079B98F8011053F89D
:108F0000047B0793904647EAE777FFF7B5B8039AE3
:108F1000938943F040039381FFF703BACDCCCCCCC7
:108F2000D8A20000F0B51F468B89ADF26C4D23F03E
:108F30000203ADF80C304B6E1993CB89ADF80E30AF
:108F4000CB6907934B6A09931AAB009304934FF4D0
:108F50008063154606460293059316A800230C4627
:108F60000693FBF7C3F82A463B4669463046FFF7AF
:108F700017F8051E07DB69463046FDF763FD00283C
:108F800018BF4FF0FF35BDF80C305B0603D5A38941
:108F900043F04003A3811698FBF7AAF828460DF288
:108FA0006C4DF0BD9368002B00F081802DE9F04FEF
:108FB000B1F90C300C461907804683B0174698B2B9
:108FC00023D523690BB310F002033D682BD04FF07B
:108FD000000ADFF8B4B256465E453346524628BF13
:108FE0005B464046002E4FD0E169D4F824C0E047EC
:108FF000002852DDBB681B1A8244361ABB60002B66
:10900000EAD1002003B0BDE8F08F2146404600F0D1
:109010003DF9002840F03481B4F90C303D6898B235
:1090200010F00203D3D110F0010942D14E463EB3F5
:109030008205D4F808B040F18180B3455A4600F269
:10904000B18010F4906F40F0BE80206801924946D4
:10905000FAF7B2FDA368019AA3EB0B012368A160A4
:109060001344B24623600026BB68A3EB0A03D14435
:10907000BB60002BC5D0B4F90C0080B2002ED7D154
:10908000D5E900960835D2E7D5E900A60835A3E76B
:1090900021464046FDF7D6FC80B3B4F90C3043F0CE
:1090A00040034FF0FF30A38103B0BDE8F08F0020F4
:1090B00070471E46BA46994618461F4666B388B39F
:1090C0004A46D4E904C32068A168B24228BF3246A8
:1090D000604504D901EB030B5A4500F3A780934286
:1090E00064DCE169D4F824C03A464046E047B0F178
:1090F000000BD2DDB9EB0B09CAD00120DAF8083039
:10910000A3EB0B035F44A6EB0B06CAF80830002B59
:109110003FF477AF002ED2D16E682B460835002E73
:10912000FAD01F6832460A213846FDF761FD002853
:1091300000F09D800130A0EB0709C1E7206823699A
:10914000984217D86269B24214D86FF00043B34214
:1091500028BF3346E16993FBF2F3D4F824C002FB45
:1091600003F340464A46E047B0F1000A95DDA6EB1E
:109170000A0679E7B345DA4628BFB2465246494661
:10918000FAF71AFDA3682268A3EB0A035244A3600E
:109190002260002BEBD121464046FDF753FC00280E
:1091A000E5D07AE72068B34632464FE73946019268
:1091B000FAF702FD019AA3689B1AA360236813447F
:1091C0002360934696E723682169A3EB010B63694B
:1091D00003EB430A0AEBDA7A0BF101034FEA6A0A5E
:1091E00033445345524684BF9A46524643052CD5D4
:1091F00011464046F9F76AFE00283BD05A462169DD
:109200000190F7F7A3FDA289019B22F4906242F03E
:109210008002A28103EB0B002361AAEB0B03C4F8CD
:1092200014A0A3602060B34632460FE739465A4681
:10923000FAF7C2FC23685B44236021464046FDF7F1
:1092400001FC00283FF456AF27E74046FAF706F93D
:1092500003460028DED121694046FBF763F8B4F9E4
:109260000C300C2223F08003C8F8002017E7721C92
:10927000914626E70C22B4F90C30C8F800200EE71E
:109280004FF0FF30BEE600BF00FCFF7F38B5314B2A
:109290001B6805460C4613B15A6B002A4ED0B4F930
:1092A0000C3018079AB21CD5216929B312F00100BD
:1092B00007D00020A06060694042A06139B1002061
:1092C00038BD950758BF6069A0600029F7D1120624
:1092D00058BF0846F4D543F04003A3814FF0FF3058
:1092E00038BDD1062ED5520714D4216943F00803A6
:1092F000A3819AB20029D9D102F42070B0F5007F81
:10930000D4D02146284600F03FF9B4F90C30216949
:109310009AB2CBE7216B51B104F14002914204D0E3
:109320002846FAF7FFFFB4F90C30002222632169C6
:109330000022C4E9001223F02403D7E71846FAF705
:10934000BBFBACE7092243F040032A604FF0FF303B
:10935000A38138BD888FFF1F2DE9F04383B00746F6
:1093600088461446FAF706FE012803D108F1FF33B8
:10937000FE2B37D90DF10409424604F15C0349463E
:109380003846FDF785FC421C064633D028B39DF8CD
:1093900004C0002509E023685A1C226083F800C03D
:1093A0000135B54219D219F801CFA368013B002B52
:1093B000A360F0DAD4F818E07345614622463846D7
:1093C00002DBBCF10A0FE6D100F04AF9431CE7D1F9
:1093D0000646304603B0BDE8F0834646304603B04B
:1093E000BDE8F0835FFA88FC8DF804C006460DF1F5
:1093F0000409CEE7A389304643F04003A38103B0BC
:10940000BDE8F08330B5536E13F0010FB2F90C30A4
:10941000144683B005469AB201D198051CD5900434
:1094200006D4626E43F4005342F40052A381626694
:1094300022462846FFF790FF636EDA07054602D4FE
:10944000A3899B0502D5284603B030BDA06DFAF76D
:1094500053FE284603B030BDA06D0191FAF74AFED5
:10946000B4F90C3001999AB2D9E700BF2DE9F04F59
:1094700089B0DDE9138A129F0191814603921E464D
:10948000B8F1000F55D0019B002B57D0039B1D68EE
:10949000002F63D0741E2EB3019B0293043D00265F
:1094A0000AE0019B13BB2A68002A35D0BC4557D27D
:1094B000013C631C664615D0D8F8003055F8042FDF
:1094C0000093DAF8E0C0D8F804B0434605A948464E
:1094D000E047421C37D000EB060CBC45E1D9009BAD
:1094E000C8E9003B304609B0BDE8F08F00280CDD2C
:1094F000029B18445A1E05A900F1FF3E11F8013BDA
:1095000002F8013F7245F9D10290039B1A680432B8
:109510001A602A68002AC9D1019B0BB1039B1A600B
:109520000CF1FF3600223046C8F8002009B0BDE833
:10953000F08F019B00F58678002BA7D1039B4FF09D
:10954000FF371D68A6E706468A2100223046C9F883
:109550000010C8F8002009B0BDE8F08F3E46C1E712
:109560006646BFE710B584B0054C06980090079892
:109570000190044800680294FFF778FF04B010BD22
:10958000FC8CFF1F888FFF1F2DE9F0418B890C4653
:10959000990796B008D504F143030122C4E90432C7
:1095A000236016B0BDE8F081B4F90E10002906461C
:1095B00025DB6A4600F0ACF800281FDB019D05F4AE
:1095C0007045A5F50055B5FA85F54FF480686D092D
:1095D0004FF4006741463046F9F778FCE0B1B4F942
:1095E0000C30C4F8148043F0800320602061A38114
:1095F00035BB3B43A38116B0BDE8F081A38913F0CE
:10960000800519D04FF040080025414630462F46CE
:10961000F9F75CFC0028E2D1B4F90C309A05C0D40B
:1096200023F0030304F1430243F002030121C4E9E0
:109630000421A3812260B4E74FF480682F46C9E774
:10964000B4F90E10304600F079F810B9B4F90C30C6
:10965000CFE7A38923F0030343F001031BB2C8E75C
:10966000F8B50D461446064610B1436B002B4CD09E
:10967000B4F90C20A369A360170790B21BD5236926
:10968000CBB1EDB281042F4622D522686169D31A8D
:10969000994229DD0133A1680139A160511C216083
:1096A000157062699A4227D0A389DB0701D50A2D7C
:1096B00022D03846F8BD21463046FFF7E7FD08BB0B
:1096C000B4F90C20236990B2EDB281042F46DCD4AA
:1096D00042F40052A281626E616922F40052626615
:1096E0002268D31A9942D5DC21463046FDF7AAF903
:1096F00040B922680123CEE721463046FDF7A2F9A2
:109700000028D6D04FF0FF37D3E7FAF7D5F9AFE707
:1097100070B50C46084D03460026204611461C46EF
:109720002E60F7F731FC431C00D070BD2B68002B76
:10973000FBD0236070BD00BF3094FF1F38B5074DCC
:109740000022044608462A60F7F724FC431C00D098
:1097500038BD2B68002BFBD0236038BD3094FF1F31
:1097600070B54FF0FF0C4CF4E06C1CEA11541DBFB7
:109770001CEA135594EA0C0F95EA0C0F00F0DEF882
:109780002C4481EA030621EA4C5123EA4C5350EA67
:10979000013518BF52EA033541F4801143F48013B8
:1097A00038D0A0FB02CE4FF00005E1FB02E506F049
:1097B0000042E0FB03E54FF00006E1FB03569CF09E
:1097C000000F18BF4EF0010EA4F1FF04B6F5007FA4
:1097D00064F5407404D25FEA4E0E6D4146EB060616
:1097E00042EAC62141EA55514FEAC52040EA5E509F
:1097F0004FEACE2EB4F1FD0C88BFBCF5E06F1ED849
:10980000BEF1004F08BF5FEA500E50F1000041EB7F
:10981000045170BD06F0004646EA010140EA02002C
:1098200081EA0301B4EB5C04C2BFD4EB0C0541EA4E
:10983000045170BD41F480114FF0000E013C00F363
:10984000AB8014F1360FDEBF002001F0004170BD87
:10985000C4F10004203C35DA0C341BDC04F11404A0
:10986000C4F1200500FA05F320FA04F001FA05F22C
:1098700040EA020001F0004221F0004110EBD370F9
:1098800021FA04F642EB06015EEA430E08BF20EA25
:10989000D37070BDC4F10C04C4F1200500FA04F3C8
:1098A00020FA05F001FA04F240EA020001F000415A
:1098B00010EBD37041F100015EEA430E08BF20EACD
:1098C000D37070BDC4F1200500FA05F24EEA020E15
:1098D00020FA04F301FA05F243EA020321FA04F044
:1098E00001F0004121FA04F220EA020000EBD370FB
:1098F0005EEA430E08BF20EAD37070BD94F0000FFB
:109900000FD101F00046400041EB010111F4801F2E
:1099100008BF013CF7D041EA060195F0000F18BFDF
:10992000704703F00046520043EB030313F4801F1B
:1099300008BF013DF7D043EA0603704794EA0C0FD5
:109940000CEA135518BF95EA0C0F0CD050EA4106EB
:1099500018BF52EA4306D1D181EA030101F0004168
:109960004FF0000070BD50EA410606BF1046194690
:1099700052EA430619D094EA0C0F02D150EA01369C
:1099800013D195EA0C0F05D152EA03361CBF1046DD
:1099900019460AD181EA030101F0004141F0FE417C
:1099A00041F470014FF0000070BD41F0FE4141F400
:1099B000780170BD70B54FF0FF0C4CF4E06C1CEA00
:1099C00011541DBF1CEA135594EA0C0F95EA0C0FB5
:1099D00000F0A7F8A4EB050481EA030E52EA033570
:1099E0004FEA013100F088804FEA03334FF0805591
:1099F00045EA131343EA12634FEA022245EA1115BE
:109A000045EA10654FEA00260EF000419D4208BF6E
:109A1000964244F1FD0404F5407402D25B084FEA1B
:109A20003202B61A65EB03055B084FEA32024FF4C7
:109A300080104FF4002CB6EB020E75EB030E22BF24
:109A4000B61A754640EA0C005B084FEA3202B6EBE4
:109A5000020E75EB030E22BFB61A754640EA5C0093
:109A60005B084FEA3202B6EB020E75EB030E22BF23
:109A7000B61A754640EA9C005B084FEA3202B6EB24
:109A8000020E75EB030E22BFB61A754640EADC00E3
:109A900055EA060E18D04FEA051545EA16754FEA45
:109AA00006164FEAC30343EA52734FEAC2025FEA63
:109AB0001C1CC0D111F4801F0BD141EA00014FF0F2
:109AC00000004FF0004CB6E711F4801F04BF0143C3
:109AD0000020B4F1FD0C88BFBCF5E06F3FF6AFAEDF
:109AE000B5EB030C04BFB6EB020C5FEA500C50F16F
:109AF000000041EB045170BD0EF0004E4EEA1131F2
:109B000014EB5C04C2BFD4EB0C0541EA045170BDF8
:109B100041F480114FF0000E013C90E645EA060E3C
:109B20008DE60CEA135594EA0C0F08BF95EA0C0F6A
:109B30003FF43BAF94EA0C0F0AD150EA01347FF4B2
:109B400034AF95EA0C0F7FF425AF104619462CE789
:109B500095EA0C0F06D152EA03353FF4FDAE1046EC
:109B6000194622E750EA410618BF52EA43067FF43D
:109B7000C5AE50EA41047FF40DAF52EA43057FF4CD
:109B8000EBAE12E74FEA410212F5001215D211D5E1
:109B90006FF47873B3EB625212D94FEAC12343F0EA
:109BA000004343EA505311F0004F23FA02F018BF6C
:109BB000404270474FF00000704750EA013005D135
:109BC00011F0004008BF6FF0004070474FF00000F8
:109BD000704700BF0A3D3D3D3D3D3D3D3D3D3D3D66
:109BE0003D3D3D3D3D3D3D3D3D3D3D3D3D3D3D3DA5
:109BF0003D3D3D3D3D0000002050574D20436F6EE0
:109C000074726F6C6C657220666F72205465656E3D
:109C1000737920332E3220003D3D3D3D3D3D3D3D9D
:109C20003D3D3D3D3D3D3D3D3D3D3D3D3D3D3D3D64
:109C30003D3D3D3D3D3D3D3D0000000020547970DF
:109C4000652027482A2720666F722068656C702E71
:109C5000000000003D3D3D3D3D3D3D3D3D3D3D3D28
:109C60003D3D3D3D3D3D3D3D3D3D3D3D3D3D3D3D24
:109C70003D3D3D3D0A00FFFF0A3D3D3D3D3D3D3D33
:109C80003D3D2048454C50204D454E55203D3D3DE5
:109C90003D3D3D3D3D3D0000417661696C61626C3A
:109CA0006520436F6D6D616E64733A0020433C63C1
:109CB00068616E6E656C3E2C3C76616C75653E2A03
:109CC000202D205365742050574D20666F722061FF
:109CD000206368616E6E656C0000000020523C627B
:109CE000697464657074683E2A202D205365742061
:109CF00050574D207265736F6C7574696F6E2028B4
:109D0000382D3136206269747329000020572A20CB
:109D10002D2053686F772077656C636F6D652073B6
:109D2000637265656E00000020482A202D2053686C
:109D30006F7720746869732068656C70206D656E3C
:109D40007500000020532A202D2053686F77206370
:109D5000757272656E742050574D207374617475FE
:109D60007300000020423C62616E6B3E2A202D2071
:109D70004C6F616420612062616E6B206F6620769B
:109D8000616C7565730000002D2D2D2D2D2D2D2D51
:109D90002D2D2D2D2D2D2D2D2D2D2D2D2D2D2D2DF3
:109DA0002D2D2D2D000000004368616E6E656C73D3
:109DB00020757365643A20332C20342C20352C20F8
:109DC000362C20392C2031302C2032302C203231CE
:109DD0002C2032322C2032332C2032352C203332BE
:109DE0000000000042697420646570746820616638
:109DF00066656374732064757479206379636C6538
:109E00002072616E67652028652E672E2C20382D04
:109E10006269743A20302D3235352C2031322D6272
:109E200069743A20302D3430393529004368616E29
:109E300067696E6720626974206465707468207257
:109E4000657365747320616C6C206475747920632C
:109E500079636C657320746F203000FF0A3D3D3DCF
:109E60003D3D3D3D3D3D2050574D205354415455BF
:109E700053203D3D3D3D3D3D3D3D3D004350552042
:109E800053706565643A20256C7520487A0A000095
:109E90004275732053706565643A20256C752048BF
:109EA0007A0A00004269742044657074683A20257B
:109EB000642D6269740A000043757272656E7420C5
:109EC00050574D204672657175656E63793A20254D
:109ED0006420487A0A0000004D6178696D756D2034
:109EE000506F737369626C652050574D2056616CDA
:109EF00075653A2025640A004368616E6E656C20C2
:109F00007C2050574D2076616C7565207C207065F3
:109F1000616B20574C000000202020253264202057
:109F2000207C202020253464202020207C20253304
:109F300064200A00430000005200000057000000A7
:109F40004800000053000000420000002042616E03
:109F50006B2073656C65637465643A2025640A0040
:109F6000640000006500000066000000670000005B
:109F700068000000690000006A0000006B0000003B
:109F80006C0000006D0000006E0000006F0000001B
:109F900003000000040000000500000006000000AF
:109FA000090000000A000000140000001500000075
:109FB000160000001700000019000000200000003B
:109FC0004008FE4340A004404408FE4344A004402F
:109FD0000018FE4300C004403000FE4330900440AF
:109FE0003400FE43349004401C18FE431CC004405F
:109FF0001018FE4310C004400818FE4308C0044077
:10A000000C18FE430CC004400C10FE430CB004407E
:10A010001010FE4310B004401810FE4318B0044066
:10A020001C10FE431CB004401410FE4314B0044046
:10A030000418FE4304C004400010FE4300B0044076
:10A040000008FE4300A004400408FE4304A00440AE
:10A050000C08FE430CA004400808FE4308A004407E
:10A060001418FE4314C004401818FE4318C00440DE
:10A070000410FE4304B004400810FE4308B004403E
:10A080001400FE43149004404C08FE434CA00440CE
:10A090000420FE4304D004402410FE4324B00440B6
:10A0A0002010FE4320B004402810FE4328B0044096
:10A0B0002C10FE432CB004400020FE4300D004408E
:10A0C0004808FE4348A004401000FE43109004409E
:10A0D0000000000000000000BD1D0000B51D0000D4
:10A0E000B11D0000AD1D0000A91D0000A51D000050
:10A0F000A11D00009D1D000000FFFFFF00010000EA
:10A100008088FF1F12000000000200003C88FF1F33
:10A1100043000000000300009488FF1F00000000BF
:10A12000010309049888FF1F0000000002030904CE
:10A13000B088FF1F0000000003030904C888FF1F48
:10A14000000000000000000000000000000000000F
:10A15000001519152E0000004C435F434F4C4C4135
:10A16000544500004C435F435459504500000000E3
:10A170004C435F4D4F4E4554415259004C435F4E46
:10A18000554D4552494300004C435F54494D4500ED
:10A190004C435F4D45535341474553000020202019
:10A1A0002020202020202828282828202020202087
:10A1B0002020202020202020202020202088101057
:10A1C00010101010101010101010101010040404B3
:10A1D0000404040404040410101010101010414171
:10A1E000414141410101010101010101010101015F
:10A1F0000101010101010101101010101010424273
:10A20000424242420202020202020202020202022E
:10A2100002020202020202021010101020000000CE
:10A22000000000000000000000000000000000002E
:10A23000000000000000000000000000000000001E
:10A24000000000000000000000000000000000000E
:10A2500000000000000000000000000000000000FE
:10A2600000000000000000000000000000000000EE
:10A2700000000000000000000000000000000000DE
:10A2800000000000000000000000000000000000CE
:10A2900000000000000000000000000000FFFFFFC1
:10A2A000494E4600696E66004E414E006E616E007A
:10A2B000303132333435363738396162636465663C
:10A2C00000000000303132333435363738394142FE
:10A2D0004344454600000000286E756C6C29000060
:10A2E0003000FFFF202020202020202020202020C0
:10A2F000202020203030303030303030303030309E
:10A300003030303042616C6C6F632073756363650D
:10A3100065646564000000002F566F6C756D657391
:10A320002F646174612F6A656E6B696E732F776F2E
:10A33000726B73706163652F474E552D746F6F6C30
:10A34000636861696E2F61726D2D31312F73726395
:10A350002F6E65776C69622D63796777696E2F6EF2
:10A3600065776C69622F6C6962632F7374646C69C2
:10A37000622F6D707265632E6300FFFFFFFFFFFFAA
:10A380000080E03779C34143176E05B5B5B89346F1
:10A39000F5F93FE9034F384D321D30F94877825ABD
:10A3A0003CBF737FDD4F1575000000000000F03FDB
:10A3B00000000000000024400000000000005940A0
:10A3C0000000000000408F40000000000088C340F3
:10A3D00000000000006AF8400000000080842E4168
:10A3E00000000000D01263410000000084D79741B4
:10A3F0000000000065CDCD41000000205FA00242BA
:10A40000000000E876483742000000A2941A6D422E
:10A41000000040E59C30A2420000901EC4BCD64221
:10A4200000003426F56B0C430080E03779C34143CC
:10A4300000A0D8855734764300C84E676DC1AB4342
:10A44000003D9160E458E143408CB5781DAF154460
:10A4500050EFE2D6E41A4B4492D54D06CFF080443B
:10A46000F64AE1C7022DB544B49DD9794378EA4450
:10A4700005000000190000007D0000002C2066751A
:10A480006E6374696F6E3A2000000000617373653B
:10A490007274696F6E2022257322206661696C6573
:10A4A000643A2066696C6520222573222C206C6931
:10A4B0006E65202564257325730A00FF496E666961
:10A4C0006E697479000000004E614E002F566F6C6B
:10A4D000756D65732F646174612F6A656E6B696E4B
:10A4E000732F776F726B73706163652F474E552DB5
:10A4F000746F6F6C636861696E2F61726D2D31319D
:10A500002F7372632F6E65776C69622D637967773D
:10A51000696E2F6E65776C69622F6C6962632F7349
:10A5200074646C69622F64746F612E6300FFFFFFB7
:10A53000202020202020202020202020202020201B
:10A54000303030303030303030303030303030300B
:10A55000F8B500BFF8BC08BC9E46704765420000D5
:04A5600035040000BE
:04A56400F8B500BF87
:08A56800947EFF7F010000005A
:10A5700000000000000000000000000000000000DB
:10A5800000000000000000000000000000000000CB
:10A5900000000000000000000000000000000000BB
:10A5A00000000000FF030000FF030000FF030000A5
:10A5B000FF030000FF030000FF030000FF03000093
:10A5C000FF030000FF030000FF030000FF03000083
:10A5D000FF030000FF070000FF070000FF07000067
:10A5E000FF070000FF070000FF070000FF07000053
:10A5F000FF070000FF070000FF070000FF07000043
:10A60000FF070000FF0B0000FF0B0000FF0B000026
:10A61000FF0B0000FF0B0000FF0B0000FF0B000012
:10A62000FF0B0000FF0B0000FF0B0000FF0B000002
:10A63000FF0B0000FF0F0000FF0F0000FF0F0000E6
:10A64000FF0F0000FF0F0000FF0F0000FF0F0000D2
:10A65000FF0F0000FF0F0000FF0F0000FF0F0000C2
:10A66000FF0F0000F40100000C0000003494FF1FF5
:10A6700008000000D8A0000000000000E80300006F
:10A6800000000000FFFFFFFF010A04000902430071
:10A69000020100C032090400000102020100052489
:10A6A000001001052401010104240206052406000E
:10A6B000010705820310004009040100020A00009E
:10A6C0000007050302400000070584024000000067
:10A6D0001201100102000040C0168304750201023D
:10A6E0000301000004030904180354006500650019
:10A6F0006E00730079006400750069006E006F00E1
:10A7000016035500530042002000530065007200FC
:10A71000690061006C0000000C03000000000000F4
:10A720000000000000000000000000000000000029
:10A730000000000000000000E088FF1FE088FF1F0D
:10A74000E888FF1FE888FF1FF088FF1FF088FF1FC1
:10A75000F888FF1FF888FF1F0089FF1F0089FF1F6F
:10A760000889FF1F0889FF1F1089FF1F1089FF1F1D
:10A770001889FF1F1889FF1F2089FF1F2089FF1FCD
:10A780002889FF1F2889FF1F3089FF1F3089FF1F7D
:10A790003889FF1F3889FF1F4089FF1F4089FF1F2D
:10A7A0004889FF1F4889FF1F5089FF1F5089FF1FDD
:10A7B0005889FF1F5889FF1F6089FF1F6089FF1F8D
:10A7C0006889FF1F6889FF1F7089FF1F7089FF1F3D
:10A7D0007889FF1F7889FF1F8089FF1F8089FF1FED
:10A7E0008889FF1F8889FF1F9089FF1F9089FF1F9D
:10A7F0009889FF1F9889FF1FA089FF1FA089FF1F4D
:10A80000A889FF1FA889FF1FB089FF1FB089FF1FFC
:10A81000B889FF1FB889FF1FC089FF1FC089FF1FAC
:10A82000C889FF1FC889FF1FD089FF1FD089FF1F5C
:10A83000D889FF1FD889FF1FE089FF1FE089FF1F0C
:10A84000E889FF1FE889FF1FF089FF1FF089FF1FBC
:10A85000F889FF1FF889FF1F008AFF1F008AFF1F6A
:10A86000088AFF1F088AFF1F108AFF1F108AFF1F18
:10A87000188AFF1F188AFF1F208AFF1F208AFF1FC8
:10A88000288AFF1F288AFF1F308AFF1F308AFF1F78
:10A89000388AFF1F388AFF1F408AFF1F408AFF1F28
:10A8A000488AFF1F488AFF1F508AFF1F508AFF1FD8
:10A8B000588AFF1F588AFF1F608AFF1F608AFF1F88
:10A8C000688AFF1F688AFF1F708AFF1F708AFF1F38
:10A8D000788AFF1F788AFF1F808AFF1F808AFF1FE8
:10A8E000888AFF1F888AFF1F908AFF1F908AFF1F98
:10A8F000988AFF1F988AFF1FA08AFF1FA08AFF1F48
:10A90000A88AFF1FA88AFF1FB08AFF1FB08AFF1FF7
:10A91000B88AFF1FB88AFF1FC08AFF1FC08AFF1FA7
:10A92000C88AFF1FC88AFF1FD08AFF1FD08AFF1F57
:10A93000D88AFF1FD88AFF1FE08AFF1FE08AFF1F07
:10A94000E88AFF1FE88AFF1FF08AFF1FF08AFF1FB7
:10A95000F88AFF1FF88AFF1F008BFF1F008BFF1F65
:10A96000088BFF1F088BFF1F108BFF1F108BFF1F13
:10A97000188BFF1F188BFF1F208BFF1F208BFF1FC3
:10A98000288BFF1F288BFF1F308BFF1F308BFF1F73
:10A99000388BFF1F388BFF1F408BFF1F408BFF1F23
:10A9A000488BFF1F488BFF1F508BFF1F508BFF1FD3
:10A9B000588BFF1F588BFF1F608BFF1F608BFF1F83
:10A9C000688BFF1F688BFF1F708BFF1F708BFF1F33
:10A9D000788BFF1F788BFF1F808BFF1F808BFF1FE3
:10A9E000888BFF1F888BFF1F908BFF1F908BFF1F93
:10A9F000988BFF1F988BFF1FA08BFF1FA08BFF1F43
:10AA0000A88BFF1FA88BFF1FB08BFF1FB08BFF1FF2
:10AA1000B88BFF1FB88BFF1FC08BFF1FC08BFF1FA2
:10AA2000C88BFF1FC88BFF1FD08BFF1FD08BFF1F52
:10AA3000D88BFF1FD88BFF1FE08BFF1FE08BFF1F02
:10AA4000E88BFF1FE88BFF1FF08BFF1FF08BFF1FB2
:10AA5000F88BFF1FF88BFF1F008CFF1F008CFF1F60
:10AA6000088CFF1F088CFF1F108CFF1F108CFF1F0E
:10AA7000188CFF1F188CFF1F208CFF1F208CFF1FBE
:10AA8000288CFF1F288CFF1F308CFF1F308CFF1F6E
:10AA9000388CFF1F388CFF1F408CFF1F408CFF1F1E
:10AAA000488CFF1F488CFF1F508CFF1F508CFF1FCE
:10AAB000588CFF1F588CFF1F608CFF1F608CFF1F7E
:10AAC000688CFF1F688CFF1F708CFF1F708CFF1F2E
:10AAD000788CFF1F788CFF1F808CFF1F808CFF1FDE
:10AAE000888CFF1F888CFF1F908CFF1F908CFF1F8E
:10AAF000988CFF1F988CFF1FA08CFF1FA08CFF1F3E
:10AB0000A88CFF1FA88CFF1FB08CFF1FB08CFF1FED
:10AB1000B88CFF1FB88CFF1FC08CFF1FC08CFF1F9D
:10AB2000C88CFF1FC88CFF1FD08CFF1FD08CFF1F4D
:10AB3000D88CFF1FD88CFF1FFFFFFFFF0000020013
:10AB400000000000030000005491FF1F43000000BC
:10AB500000000000000000000000000000000000F5
:10AB600000000000000000000000000043000000A2
:10AB700000000000000000000000000000000000D5
:10AB80000000000000000000000000004300000082
:10AB900000000000000000000000000000000000B5
:10ABA0000000000000000000000000004300000062
:10ABB0000000000000000000000000000000000095
:10ABC0000000000000000000000000004300000042
:10ABD0000000000000000000000000000000000075
:10ABE0000000000000000000000000004300000022
:10ABF0000000000000000000000000000000000055
:10AC00000000000000000000000000004300000001
:10AC10000000000000000000000000000000000034
:10AC2000000000000000000000000000256B000094
:10AC300031450000000000009CA1000054A100006C
:10AC400088A4000088A4000088A4000088A4000054
:10AC500088A4000088A4000088A4000088A4000044
:10AC600088A40000FFFFFFFFFFFFFFFFFFFFFFFFC4
:10AC7000FFFF00000100415343494900000000006C
:10AC800000000000000000000000000000000000C4
:10AC9000000000000000415343494900000000004B
:10ACA00000000000000000000000000000000000A4
:10ACB0000000000000000000000000005491FF1F91
:10ACC000BC91FF1F2492FF1F000000000000000045
:10ACD0000000000000000000000000000000000074
:10ACE0000000000000000000000000000000000064
:10ACF0000000000000000000000000000000000054
:10AD00000000000000000000000000000000000043
:10AD10000000000000000000000000000000000033
:10AD20000000000000000000000000000000000023
:10AD30000000000000000000000000000000000013
:10AD40000000000000000000000000000000000003
:10AD500001000000000000000E33CDAB34126DE6A0
:10AD6000ECDE05000B000000000000000000000009
:10AD700000000000000000000000000000000000D3
:10AD800000000000000000000000000000000000C3
:10AD900000000000000000000000000000000000B3
:10ADA00000000000000000000000000000000000A3
:10ADB0000000000000000000000000000000000093
:10ADC0000000000000000000000000000000000083
:10ADD0000000000000000000688EFF1F9092FF1F1F
:00000001FF
